unnamed: 0,time,location,source,condition,action,priority,description,value,operator,server,field time,source_sheet
,2025-10-14 11:42:19.601,RCW_Distrib_250,250PIC4091,CHANGE,,,pida.op,15,Froth Operator,FTESV01,2025-10-14 11:42:19.601,Sheet2
,2025-10-14 11:48:55.501,TSRU_2_STG_Tail,270FIC4162,CHANGE,,,PIDA.OP,10,Froth Operator,FTESV01,2025-10-14 11:48:55.501,Sheet2
,2025-10-14 11:49:08.401,TSRU_2_STG_Tail,270FIC4162,CHANGE,,,PIDA.OP,8,Froth Operator,FTESV01,2025-10-14 11:49:08.401,Sheet2
,2025-10-14 11:49:10.700,TSRU_2_STG_Tail,270FIC4162,CHANGE,,,PIDA.OP,6,Froth Operator,FTESV01,2025-10-14 11:49:10.700,Sheet2
,2025-10-14 11:49:12.501,TSRU_2_STG_Tail,270FIC4162,CHANGE,,,PIDA.OP,4,Froth Operator,FTESV01,2025-10-14 11:49:12.501,Sheet2
,2025-10-14 11:49:13.101,TSRU_2_STG_Tail,270FIC4162,CHANGE,,,PIDA.OP,2,Froth Operator,FTESV01,2025-10-14 11:49:13.101,Sheet2
,2025-10-14 11:49:13.601,TSRU_2_STG_Tail,270FIC4162,CHANGE,,,PIDA.OP,0,Froth Operator,FTESV01,2025-10-14 11:49:13.601,Sheet2
,2025-10-14 12:03:23.501,RCW_Distrib_250,250PIC4091,CHANGE,,,pida.op,13,Froth Operator,FTESV01,2025-10-14 12:03:23.501,Sheet2
,2025-10-14 12:03:27.001,RCW_Distrib_250,250PIC4091,CHANGE,,,pida.op,11,Froth Operator,FTESV01,2025-10-14 12:03:27.001,Sheet2
,2025-10-14 12:03:32.401,RCW_Distrib_250,250PIC4091,CHANGE,,,pida.op,9,Froth Operator,FTESV01,2025-10-14 12:03:32.401,Sheet2
,2025-10-14 12:03:42.401,RCW_Distrib_250,250PIC4091,CHANGE,,,pida.op,7,Froth Operator,FTESV01,2025-10-14 12:03:42.401,Sheet2
,2025-10-14 12:03:51.701,RCW_Distrib_250,250PIC4091,CHANGE,,,pida.op,5,Froth Operator,FTESV01,2025-10-14 12:03:51.701,Sheet2
,2025-10-14 12:13:41.301,RCW_Distrib_250,250PIC4091,CHANGE,,,pida.op,0,Froth Operator,FTESV01,2025-10-14 12:13:41.301,Sheet2
,2025-10-14 12:27:03.801,TSRU_2_STG_Tail,270FIC4162,CHANGE,,,PIDA.OP,2,Froth Operator,FTESV01,2025-10-14 12:27:03.801,Sheet2
,2025-10-14 12:27:04.401,TSRU_2_STG_Tail,270FIC4162,CHANGE,,,PIDA.OP,4,Froth Operator,FTESV01,2025-10-14 12:27:04.401,Sheet2
,2025-10-14 12:27:04.901,TSRU_2_STG_Tail,270FIC4162,CHANGE,,,PIDA.OP,6,Froth Operator,FTESV01,2025-10-14 12:27:04.901,Sheet2
,2025-10-14 12:27:32.501,TSRU_2_STG_Tail,270FIC4162,CHANGE,,,PIDA.OP,8,Froth Operator,FTESV01,2025-10-14 12:27:32.501,Sheet2
,2025-10-14 12:54:35.701,TSRU_1_STG_Tail,270FIC4161,CHANGE,,,pida.op,2,Froth Operator,FTESV01,2025-10-14 12:54:35.701,Sheet2
,2025-10-14 12:54:36.201,TSRU_1_STG_Tail,270FIC4161,CHANGE,,,pida.op,4,Froth Operator,FTESV01,2025-10-14 12:54:36.201,Sheet2
,2025-10-14 12:54:37.001,TSRU_1_STG_Tail,270FIC4161,CHANGE,,,pida.op,6,Froth Operator,FTESV01,2025-10-14 12:54:37.001,Sheet2
,2025-10-14 12:54:37.601,TSRU_1_STG_Tail,270FIC4161,CHANGE,,,pida.op,8,Froth Operator,FTESV01,2025-10-14 12:54:37.601,Sheet2
,2025-10-14 12:54:38.201,TSRU_1_STG_Tail,270FIC4161,CHANGE,,,pida.op,10,Froth Operator,FTESV01,2025-10-14 12:54:38.201,Sheet2
,2025-10-14 12:56:10.201,Froth_Feed,250PIC4025,CHANGE,,,PIDA.OP,24,Froth Operator,FTESV01,2025-10-14 12:56:10.201,Sheet2
,2025-10-14 12:56:14.801,Froth_Feed,250PIC4025,CHANGE,,,PIDA.OP,22,Froth Operator,FTESV01,2025-10-14 12:56:14.801,Sheet2
,2025-10-14 12:56:18.101,Froth_Feed,250PIC4025,CHANGE,,,PIDA.OP,20,Froth Operator,FTESV01,2025-10-14 12:56:18.101,Sheet2
,2025-10-14 12:56:24.701,Froth_Feed,250PIC4025,CHANGE,,,PIDA.OP,18,Froth Operator,FTESV01,2025-10-14 12:56:24.701,Sheet2
,2025-10-14 12:56:26.701,Froth_Feed,250PIC4025,CHANGE,,,PIDA.OP,16,Froth Operator,FTESV01,2025-10-14 12:56:26.701,Sheet2
,2025-10-14 12:56:32.601,Froth_Feed,250PIC4025,CHANGE,,,PIDA.OP,14,Froth Operator,FTESV01,2025-10-14 12:56:32.601,Sheet2
,2025-10-14 12:56:37.801,Froth_Feed,250PIC4025,CHANGE,,,PIDA.OP,12,Froth Operator,FTESV01,2025-10-14 12:56:37.801,Sheet2
,2025-10-14 12:56:39.801,Froth_Feed,250PIC4025,CHANGE,,,PIDA.OP,10,Froth Operator,FTESV01,2025-10-14 12:56:39.801,Sheet2
,2025-10-14 12:56:40.301,Froth_Feed,250PIC4025,CHANGE,,,PIDA.OP,8,Froth Operator,FTESV01,2025-10-14 12:56:40.301,Sheet2
,2025-10-14 12:56:47.101,Froth_Feed,250PIC4025,CHANGE,,,PIDA.OP,6,Froth Operator,FTESV01,2025-10-14 12:56:47.101,Sheet2
,2025-10-14 12:56:48.401,Froth_Feed,250PIC4025,CHANGE,,,PIDA.OP,4,Froth Operator,FTESV01,2025-10-14 12:56:48.401,Sheet2
,2025-10-14 12:56:48.901,Froth_Feed,250PIC4025,CHANGE,,,PIDA.OP,2,Froth Operator,FTESV01,2025-10-14 12:56:48.901,Sheet2
,2025-10-14 12:56:55.201,Froth_Feed,250PIC4025,CHANGE,,,PIDA.OP,0,Froth Operator,FTESV01,2025-10-14 12:56:55.201,Sheet2
,2025-10-14 13:06:48.701,TSRU_2_STG_Tail,270FIC4162,CHANGE,,,PIDA.OP,10,Froth Operator,FTESV01,2025-10-14 13:06:48.701,Sheet2
,2025-10-14 13:44:17.301,TSRU_1_STG_Tail,270FIC4161,CHANGE,,,pida.op,8,Froth Operator,FTESV01,2025-10-14 13:44:17.301,Sheet2
,2025-10-14 13:44:17.701,TSRU_1_STG_Tail,270FIC4161,CHANGE,,,pida.op,6,Froth Operator,FTESV01,2025-10-14 13:44:17.701,Sheet2
,2025-10-14 13:44:21.101,TSRU_1_STG_Tail,270FIC4161,CHANGE,,,pida.op,4,Froth Operator,FTESV01,2025-10-14 13:44:21.101,Sheet2
,2025-10-14 13:44:21.501,TSRU_1_STG_Tail,270FIC4161,CHANGE,,,pida.op,2,Froth Operator,FTESV01,2025-10-14 13:44:21.501,Sheet2
,2025-10-14 13:44:22.201,TSRU_1_STG_Tail,270FIC4161,CHANGE,,,pida.op,0,Froth Operator,FTESV01,2025-10-14 13:44:22.201,Sheet2
,2025-10-14 14:20:39.001,Froth_Feed,250PIC4025,CHANGE,,,PIDA.OP,2,Froth Operator,FTESV01,2025-10-14 14:20:39.001,Sheet2
,2025-10-14 14:20:40.501,Froth_Feed,250PIC4025,CHANGE,,,PIDA.OP,4,Froth Operator,FTESV01,2025-10-14 14:20:40.501,Sheet2
,2025-10-14 14:20:42.201,Froth_Feed,250PIC4025,CHANGE,,,PIDA.OP,6,Froth Operator,FTESV01,2025-10-14 14:20:42.201,Sheet2
,2025-10-14 14:20:43.801,Froth_Feed,250PIC4025,CHANGE,,,PIDA.OP,8,Froth Operator,FTESV01,2025-10-14 14:20:43.801,Sheet2
,2025-10-14 14:20:45.301,Froth_Feed,250PIC4025,CHANGE,,,PIDA.OP,10,Froth Operator,FTESV01,2025-10-14 14:20:45.301,Sheet2
,2025-10-14 14:22:25.600,Froth_Feed,250PIC4025,CHANGE,,,PIDA.OP,12,Froth Operator,FTESV01,2025-10-14 14:22:25.600,Sheet2
,2025-10-14 14:22:26.901,Froth_Feed,250PIC4025,CHANGE,,,PIDA.OP,14,Froth Operator,FTESV01,2025-10-14 14:22:26.901,Sheet2
,2025-10-14 14:22:28.201,Froth_Feed,250PIC4025,CHANGE,,,PIDA.OP,16,Froth Operator,FTESV01,2025-10-14 14:22:28.201,Sheet2
,2025-10-14 14:22:29.901,Froth_Feed,250PIC4025,CHANGE,,,PIDA.OP,18,Froth Operator,FTESV01,2025-10-14 14:22:29.901,Sheet2
,2025-10-14 14:22:31.201,Froth_Feed,250PIC4025,CHANGE,,,PIDA.OP,20,Froth Operator,FTESV01,2025-10-14 14:22:31.201,Sheet2
,2025-10-14 14:22:45.801,Froth_Feed,250PIC4025,CHANGE,,,PIDA.OP,22,Froth Operator,FTESV01,2025-10-14 14:22:45.801,Sheet2
,2025-10-14 14:22:47.501,Froth_Feed,250PIC4025,CHANGE,,,PIDA.OP,24,Froth Operator,FTESV01,2025-10-14 14:22:47.501,Sheet2
,2025-10-14 14:22:51.401,Froth_Feed,250PIC4025,CHANGE,,,PIDA.OP,26,Froth Operator,FTESV01,2025-10-14 14:22:51.401,Sheet2
,2025-10-14 14:24:04.701,Froth_Feed,250PIC4025,CHANGE,,,PIDA.OP,28,Froth Operator,FTESV01,2025-10-14 14:24:04.701,Sheet2
,2025-10-14 14:27:03.501,Froth_Feed,250PIC4025,CHANGE,,,PIDA.OP,30,Froth Operator,FTESV01,2025-10-14 14:27:03.501,Sheet2
,2025-10-14 14:29:43.701,Froth_Feed,250PIC4025,CHANGE,,,PIDA.OP,30.5,Froth Operator,FTESV01,2025-10-14 14:29:43.701,Sheet2
,2025-10-14 14:29:44.301,Froth_Feed,250PIC4025,CHANGE,,,PIDA.OP,31,Froth Operator,FTESV01,2025-10-14 14:29:44.301,Sheet2
,2025-10-14 14:29:48.101,Froth_Feed,250PIC4025,CHANGE,,,PIDA.OP,31.5,Froth Operator,FTESV01,2025-10-14 14:29:48.101,Sheet2
,2025-10-14 14:29:48.501,Froth_Feed,250PIC4025,CHANGE,,,PIDA.OP,32,Froth Operator,FTESV01,2025-10-14 14:29:48.501,Sheet2
,2025-10-14 14:30:28.701,Froth_Feed,250PIC4025,CHANGE,,,PIDA.OP,34,Froth Operator,FTESV01,2025-10-14 14:30:28.701,Sheet2
,2025-10-14 14:30:55.401,Froth_Feed,250PIC4025,CHANGE,,,PIDA.OP,36,Froth Operator,FTESV01,2025-10-14 14:30:55.401,Sheet2
,2025-10-14 14:31:13.500,Froth_Feed,250PIC4025,CHANGE,,,PIDA.OP,38,Froth Operator,FTESV01,2025-10-14 14:31:13.500,Sheet2
,2025-10-14 14:31:25.301,Froth_Feed,250PIC4025,CHANGE,,,PIDA.OP,36,Froth Operator,FTESV01,2025-10-14 14:31:25.301,Sheet2
,2025-10-14 14:31:31.901,Froth_Feed,250PIC4025,CHANGE,,,PIDA.OP,34,Froth Operator,FTESV01,2025-10-14 14:31:31.901,Sheet2
,2025-10-14 14:31:38.401,Froth_Feed,250PIC4025,CHANGE,,,PIDA.OP,32,Froth Operator,FTESV01,2025-10-14 14:31:38.401,Sheet2
,2025-10-14 14:31:40.701,Froth_Feed,250PIC4025,CHANGE,,,PIDA.OP,30,Froth Operator,FTESV01,2025-10-14 14:31:40.701,Sheet2
,2025-10-14 14:32:12.301,Froth_Feed,250PIC4025,CHANGE,,,PIDA.OP,28,Froth Operator,FTESV01,2025-10-14 14:32:12.301,Sheet2
,2025-10-14 14:32:12.401,Froth_Feed,250PIC4025,CHANGE,,,PIDA.OP,26,Froth Operator,FTESV01,2025-10-14 14:32:12.401,Sheet2
,2025-10-14 14:32:14.101,Froth_Feed,250PIC4025,CHANGE,,,PIDA.OP,28,Froth Operator,FTESV01,2025-10-14 14:32:14.101,Sheet2
,2025-10-14 14:32:50.401,Froth_Feed,250PIC4025,CHANGE,,,PIDA.OP,30,Froth Operator,FTESV01,2025-10-14 14:32:50.401,Sheet2
,2025-10-14 14:33:27.700,Froth_Feed,250PIC4025,CHANGE,,,PIDA.OP,32,Froth Operator,FTESV01,2025-10-14 14:33:27.700,Sheet2
,2025-10-14 14:34:03.501,Froth_Feed,250PIC4025,CHANGE,,,PIDA.OP,34,Froth Operator,FTESV01,2025-10-14 14:34:03.501,Sheet2
,2025-10-14 14:35:49.100,Froth_Feed,250PIC4025,CHANGE,,,PIDA.OP,33.5,Froth Operator,FTESV01,2025-10-14 14:35:49.100,Sheet2
,2025-10-14 14:35:49.701,Froth_Feed,250PIC4025,CHANGE,,,PIDA.OP,33,Froth Operator,FTESV01,2025-10-14 14:35:49.701,Sheet2
,2025-10-14 14:36:22.701,Froth_Feed,250PIC4025,CHANGE,,,PIDA.OP,33.5,Froth Operator,FTESV01,2025-10-14 14:36:22.701,Sheet2
,2025-10-14 14:36:23.301,Froth_Feed,250PIC4025,CHANGE,,,PIDA.OP,34,Froth Operator,FTESV01,2025-10-14 14:36:23.301,Sheet2
,2025-10-14 14:36:41.301,Froth_Feed,250PIC4025,CHANGE,,,PIDA.OP,34.5,Froth Operator,FTESV01,2025-10-14 14:36:41.301,Sheet2
,2025-10-14 14:36:41.701,Froth_Feed,250PIC4025,CHANGE,,,PIDA.OP,35,Froth Operator,FTESV01,2025-10-14 14:36:41.701,Sheet2
,2025-10-14 14:37:59.001,Froth_Feed,250PIC4025,CHANGE,,,PIDA.OP,35.5,Froth Operator,FTESV01,2025-10-14 14:37:59.001,Sheet2
,2025-10-14 14:37:59.601,Froth_Feed,250PIC4025,CHANGE,,,PIDA.OP,36,Froth Operator,FTESV01,2025-10-14 14:37:59.601,Sheet2
,2025-10-14 14:38:29.301,Froth_Feed,250PIC4025,CHANGE,,,PIDA.OP,36.5,Froth Operator,FTESV01,2025-10-14 14:38:29.301,Sheet2
,2025-10-14 14:38:29.801,Froth_Feed,250PIC4025,CHANGE,,,PIDA.OP,37,Froth Operator,FTESV01,2025-10-14 14:38:29.801,Sheet2
,2025-10-14 14:39:52.601,Froth_Feed,250PIC4025,CHANGE,,,PIDA.OP,36.5,Froth Operator,FTESV01,2025-10-14 14:39:52.601,Sheet2
,2025-10-14 14:39:53.901,Froth_Feed,250PIC4025,CHANGE,,,PIDA.OP,36,Froth Operator,FTESV01,2025-10-14 14:39:53.901,Sheet2
,2025-10-14 14:40:07.201,Froth_Feed,250PIC4025,CHANGE,,,PIDA.OP,35.5,Froth Operator,FTESV01,2025-10-14 14:40:07.201,Sheet2
,2025-10-14 14:40:07.801,Froth_Feed,250PIC4025,CHANGE,,,PIDA.OP,35,Froth Operator,FTESV01,2025-10-14 14:40:07.801,Sheet2
,2025-10-14 14:40:46.001,Froth_Feed,250PIC4025,CHANGE,,,PIDA.OP,35.5,Froth Operator,FTESV01,2025-10-14 14:40:46.001,Sheet2
,2025-10-14 14:40:46.601,Froth_Feed,250PIC4025,CHANGE,,,PIDA.OP,36,Froth Operator,FTESV01,2025-10-14 14:40:46.601,Sheet2
,2025-10-14 14:42:30.701,Froth_Feed,250PIC4025,CHANGE,,,PIDA.OP,36.5,Froth Operator,FTESV01,2025-10-14 14:42:30.701,Sheet2
,2025-10-14 14:42:31.301,Froth_Feed,250PIC4025,CHANGE,,,PIDA.OP,37,Froth Operator,FTESV01,2025-10-14 14:42:31.301,Sheet2
,2025-10-14 14:42:37.201,Froth_Feed,250PIC4025,CHANGE,,,PIDA.OP,37.5,Froth Operator,FTESV01,2025-10-14 14:42:37.201,Sheet2
,2025-10-14 14:42:37.601,Froth_Feed,250PIC4025,CHANGE,,,PIDA.OP,38,Froth Operator,FTESV01,2025-10-14 14:42:37.601,Sheet2
,2025-10-14 14:43:55.401,Froth_Feed,250PIC4025,CHANGE,,,PIDA.OP,37.5,Froth Operator,FTESV01,2025-10-14 14:43:55.401,Sheet2
,2025-10-14 14:43:55.801,Froth_Feed,250PIC4025,CHANGE,,,PIDA.OP,37,Froth Operator,FTESV01,2025-10-14 14:43:55.801,Sheet2
,2025-10-14 14:44:37.701,Froth_Feed,250PIC4025,CHANGE,,,PIDA.OP,36.5,Froth Operator,FTESV01,2025-10-14 14:44:37.701,Sheet2
,2025-10-14 14:44:38.601,Froth_Feed,250PIC4025,CHANGE,,,PIDA.OP,36,Froth Operator,FTESV01,2025-10-14 14:44:38.601,Sheet2
,2025-10-14 14:45:14.101,Froth_Feed,250PIC4025,CHANGE,,,PIDA.OP,35.5,Froth Operator,FTESV01,2025-10-14 14:45:14.101,Sheet2
,2025-10-14 14:45:14.601,Froth_Feed,250PIC4025,CHANGE,,,PIDA.OP,35,Froth Operator,FTESV01,2025-10-14 14:45:14.601,Sheet2
,2025-10-14 14:45:24.401,Froth_Feed,250PIC4025,CHANGE,,,PIDA.OP,34.5,Froth Operator,FTESV01,2025-10-14 14:45:24.401,Sheet2
,2025-10-14 14:45:24.901,Froth_Feed,250PIC4025,CHANGE,,,PIDA.OP,34,Froth Operator,FTESV01,2025-10-14 14:45:24.901,Sheet2
,2025-10-14 14:45:37.601,Froth_Feed,250PIC4025,CHANGE,,,PIDA.OP,33.5,Froth Operator,FTESV01,2025-10-14 14:45:37.601,Sheet2
,2025-10-14 14:45:38.201,Froth_Feed,250PIC4025,CHANGE,,,PIDA.OP,33,Froth Operator,FTESV01,2025-10-14 14:45:38.201,Sheet2
,2025-10-14 14:45:47.801,Froth_Feed,250PIC4025,CHANGE,,,PIDA.OP,32.5,Froth Operator,FTESV01,2025-10-14 14:45:47.801,Sheet2
,2025-10-14 14:45:48.401,Froth_Feed,250PIC4025,CHANGE,,,PIDA.OP,32,Froth Operator,FTESV01,2025-10-14 14:45:48.401,Sheet2
,2025-10-14 14:45:58.001,Froth_Feed,250PIC4025,CHANGE,,,PIDA.OP,31.5,Froth Operator,FTESV01,2025-10-14 14:45:58.001,Sheet2
,2025-10-14 14:45:58.501,Froth_Feed,250PIC4025,CHANGE,,,PIDA.OP,31,Froth Operator,FTESV01,2025-10-14 14:45:58.501,Sheet2
,2025-10-14 14:46:07.900,Froth_Feed,250PIC4025,CHANGE,,,PIDA.OP,30.5,Froth Operator,FTESV01,2025-10-14 14:46:07.900,Sheet2
,2025-10-14 14:46:08.401,Froth_Feed,250PIC4025,CHANGE,,,PIDA.OP,30,Froth Operator,FTESV01,2025-10-14 14:46:08.401,Sheet2
,2025-10-14 14:47:02.801,Froth_Feed,250PIC4025,CHANGE,,,PIDA.OP,29.5,Froth Operator,FTESV01,2025-10-14 14:47:02.801,Sheet2
,2025-10-14 14:47:03.301,Froth_Feed,250PIC4025,CHANGE,,,PIDA.OP,29,Froth Operator,FTESV01,2025-10-14 14:47:03.301,Sheet2
,2025-10-14 14:47:43.301,Froth_Feed,250PIC4025,CHANGE,,,PIDA.OP,28.5,Froth Operator,FTESV01,2025-10-14 14:47:43.301,Sheet2
,2025-10-14 14:47:43.601,Froth_Feed,250PIC4025,CHANGE,,,PIDA.OP,28,Froth Operator,FTESV01,2025-10-14 14:47:43.601,Sheet2
,2025-10-14 14:49:37.701,Froth_Feed,250PIC4025,CHANGE,,,PIDA.OP,27.5,Froth Operator,FTESV01,2025-10-14 14:49:37.701,Sheet2
,2025-10-14 14:49:55.401,Froth_Feed,250PIC4025,CHANGE,,,PIDA.OP,27,Froth Operator,FTESV01,2025-10-14 14:49:55.401,Sheet2
,2025-10-14 14:49:55.501,Froth_Feed,250PIC4025,CHANGE,,,PIDA.OP,26.5,Froth Operator,FTESV01,2025-10-14 14:49:55.501,Sheet2
,2025-10-14 14:49:57.201,Froth_Feed,250PIC4025,CHANGE,,,PIDA.OP,27,Froth Operator,FTESV01,2025-10-14 14:49:57.201,Sheet2
,2025-10-14 14:50:31.401,Froth_Feed,250PIC4025,CHANGE,,,PIDA.OP,26.5,Froth Operator,FTESV01,2025-10-14 14:50:31.401,Sheet2
,2025-10-14 14:50:31.901,Froth_Feed,250PIC4025,CHANGE,,,PIDA.OP,26,Froth Operator,FTESV01,2025-10-14 14:50:31.901,Sheet2
,2025-10-14 14:51:29.801,Froth_Feed,250PIC4025,CHANGE,,,PIDA.OP,25.5,Froth Operator,FTESV01,2025-10-14 14:51:29.801,Sheet2
,2025-10-14 14:51:30.301,Froth_Feed,250PIC4025,CHANGE,,,PIDA.OP,25,Froth Operator,FTESV01,2025-10-14 14:51:30.301,Sheet2
,2025-10-14 14:54:24.601,Froth_Feed,250PIC4025,CHANGE,,,PIDA.OP,25.5,Froth Operator,FTESV01,2025-10-14 14:54:24.601,Sheet2
,2025-10-14 14:54:25.201,Froth_Feed,250PIC4025,CHANGE,,,PIDA.OP,26,Froth Operator,FTESV01,2025-10-14 14:54:25.201,Sheet2
,2025-10-14 15:00:27.901,Froth_Feed,250PIC4025,CHANGE,,,PIDA.OP,25.5,Froth Operator,FTESV01,2025-10-14 15:00:27.901,Sheet2
,2025-10-14 15:00:28.401,Froth_Feed,250PIC4025,CHANGE,,,PIDA.OP,25,Froth Operator,FTESV01,2025-10-14 15:00:28.401,Sheet2
,2025-10-14 15:05:11.201,Froth_Feed,250PIC4025,CHANGE,,,PIDA.OP,25.5,Froth Operator,FTESV01,2025-10-14 15:05:11.201,Sheet2
,2025-10-14 15:05:12.001,Froth_Feed,250PIC4025,CHANGE,,,PIDA.OP,26,Froth Operator,FTESV01,2025-10-14 15:05:12.001,Sheet2
,2025-10-14 15:05:21.801,Froth_Feed,250PIC4025,CHANGE,,,PIDA.OP,26.5,Froth Operator,FTESV01,2025-10-14 15:05:21.801,Sheet2
,2025-10-14 15:05:22.401,Froth_Feed,250PIC4025,CHANGE,,,PIDA.OP,27,Froth Operator,FTESV01,2025-10-14 15:05:22.401,Sheet2
,2025-10-14 15:05:38.401,Froth_Feed,250PIC4025,CHANGE,,,PIDA.OP,27.5,Froth Operator,FTESV01,2025-10-14 15:05:38.401,Sheet2
,2025-10-14 15:05:39.201,Froth_Feed,250PIC4025,CHANGE,,,PIDA.OP,28,Froth Operator,FTESV01,2025-10-14 15:05:39.201,Sheet2
,2025-10-14 15:05:48.801,Froth_Feed,250PIC4025,CHANGE,,,PIDA.OP,30,Froth Operator,FTESV01,2025-10-14 15:05:48.801,Sheet2
,2025-10-14 15:05:53.901,Froth_Feed,250PIC4025,CHANGE,,,PIDA.OP,32,Froth Operator,FTESV01,2025-10-14 15:05:53.901,Sheet2
,2025-10-14 15:06:01.101,Froth_Feed,250PIC4025,CHANGE,,,PIDA.OP,34,Froth Operator,FTESV01,2025-10-14 15:06:01.101,Sheet2
,2025-10-14 15:06:05.101,Froth_Feed,250PIC4025,CHANGE,,,PIDA.OP,36,Froth Operator,FTESV01,2025-10-14 15:06:05.101,Sheet2
,2025-10-14 15:06:05.501,Froth_Feed,250PIC4025,CHANGE,,,PIDA.OP,38,Froth Operator,FTESV01,2025-10-14 15:06:05.501,Sheet2
,2025-10-14 15:06:07.001,Froth_Feed,250PIC4025,CHANGE,,,PIDA.OP,40,Froth Operator,FTESV01,2025-10-14 15:06:07.001,Sheet2
,2025-10-14 15:07:23.301,Froth_Feed,250PIC4025,CHANGE,,,PIDA.OP,38,Froth Operator,FTESV01,2025-10-14 15:07:23.301,Sheet2
,2025-10-14 15:08:45.101,Froth_Feed,250PIC4025,CHANGE,,,PIDA.OP,37.5,Froth Operator,FTESV01,2025-10-14 15:08:45.101,Sheet2
,2025-10-14 15:08:45.801,Froth_Feed,250PIC4025,CHANGE,,,PIDA.OP,37,Froth Operator,FTESV01,2025-10-14 15:08:45.801,Sheet2
,2025-10-14 15:08:49.101,Froth_Feed,250PIC4025,CHANGE,,,PIDA.OP,36.5,Froth Operator,FTESV01,2025-10-14 15:08:49.101,Sheet2
,2025-10-14 15:08:49.701,Froth_Feed,250PIC4025,CHANGE,,,PIDA.OP,36,Froth Operator,FTESV01,2025-10-14 15:08:49.701,Sheet2
,2025-10-14 15:09:21.301,Froth_Feed,250PIC4025,CHANGE,,,PIDA.OP,35.5,Froth Operator,FTESV01,2025-10-14 15:09:21.301,Sheet2
,2025-10-14 15:09:21.801,Froth_Feed,250PIC4025,CHANGE,,,PIDA.OP,35,Froth Operator,FTESV01,2025-10-14 15:09:21.801,Sheet2
,2025-10-14 15:12:54.401,Froth_Feed,250PIC4025,CHANGE,,,PIDA.OP,34.5,Froth Operator,FTESV01,2025-10-14 15:12:54.401,Sheet2
,2025-10-14 15:12:54.901,Froth_Feed,250PIC4025,CHANGE,,,PIDA.OP,34,Froth Operator,FTESV01,2025-10-14 15:12:54.901,Sheet2
,2025-10-14 15:13:19.501,Froth_Feed,250PIC4025,CHANGE,,,PIDA.OP,33.5,Froth Operator,FTESV01,2025-10-14 15:13:19.501,Sheet2
,2025-10-14 15:13:20.301,Froth_Feed,250PIC4025,CHANGE,,,PIDA.OP,33,Froth Operator,FTESV01,2025-10-14 15:13:20.301,Sheet2
,2025-10-14 15:14:44.101,Froth_Feed,250PIC4025,CHANGE,,,PIDA.OP,32.5,Froth Operator,FTESV01,2025-10-14 15:14:44.101,Sheet2
,2025-10-14 15:14:44.401,Froth_Feed,250PIC4025,CHANGE,,,PIDA.OP,32,Froth Operator,FTESV01,2025-10-14 15:14:44.401,Sheet2
,2025-10-14 15:14:44.601,Froth_Feed,250PIC4025,CHANGE,,,PIDA.OP,31.5,Froth Operator,FTESV01,2025-10-14 15:14:44.601,Sheet2
,2025-10-14 15:14:46.601,Froth_Feed,250PIC4025,CHANGE,,,PIDA.OP,32,Froth Operator,FTESV01,2025-10-14 15:14:46.601,Sheet2
,2025-10-14 15:44:15.301,Froth_Feed,250PIC4025,CHANGE,,,PIDA.OP,34,Froth Operator,FTESV01,2025-10-14 15:44:15.301,Sheet2
,2025-10-14 15:44:16.601,Froth_Feed,250PIC4025,CHANGE,,,PIDA.OP,36,Froth Operator,FTESV01,2025-10-14 15:44:16.601,Sheet2
,2025-10-14 15:44:19.501,Froth_Feed,250PIC4025,CHANGE,,,PIDA.OP,38,Froth Operator,FTESV01,2025-10-14 15:44:19.501,Sheet2
,2025-10-14 15:46:54.601,Froth_Feed,250PIC4025,CHANGE,,,PIDA.OP,37.5,Froth Operator,FTESV01,2025-10-14 15:46:54.601,Sheet2
,2025-10-14 15:46:55.301,Froth_Feed,250PIC4025,CHANGE,,,PIDA.OP,37,Froth Operator,FTESV01,2025-10-14 15:46:55.301,Sheet2
,2025-10-14 15:48:30.901,Froth_Feed,250PIC4025,CHANGE,,,PIDA.OP,36.5,Froth Operator,FTESV01,2025-10-14 15:48:30.901,Sheet2
,2025-10-14 15:48:31.401,Froth_Feed,250PIC4025,CHANGE,,,PIDA.OP,36,Froth Operator,FTESV01,2025-10-14 15:48:31.401,Sheet2
,2025-10-14 16:00:42.301,TSRU_2_STG_Tail,270FIC4162,CHANGE,,,PIDA.OP,8,Froth Operator,FTESV01,2025-10-14 16:00:42.301,Sheet2
,2025-10-14 16:00:43.801,TSRU_2_STG_Tail,270FIC4162,CHANGE,,,PIDA.OP,6,Froth Operator,FTESV01,2025-10-14 16:00:43.801,Sheet2
,2025-10-14 16:00:47.001,TSRU_2_STG_Tail,270FIC4162,CHANGE,,,PIDA.OP,4,Froth Operator,FTESV01,2025-10-14 16:00:47.001,Sheet2
,2025-10-14 16:00:48.401,TSRU_2_STG_Tail,270FIC4162,CHANGE,,,PIDA.OP,2,Froth Operator,FTESV01,2025-10-14 16:00:48.401,Sheet2
,2025-10-14 16:00:48.901,TSRU_2_STG_Tail,270FIC4162,CHANGE,,,PIDA.OP,0,Froth Operator,FTESV01,2025-10-14 16:00:48.901,Sheet2
,2025-10-14 17:50:31.301,Froth_Feed,250PIC4025,CHANGE,,,PIDA.OP,38,Froth Operator,FTESV01,2025-10-14 17:50:31.301,Sheet2
,2025-10-14 17:50:33.301,Froth_Feed,250PIC4025,CHANGE,,,PIDA.OP,38.5,Froth Operator,FTESV01,2025-10-14 17:50:33.301,Sheet2
,2025-10-14 17:50:33.801,Froth_Feed,250PIC4025,CHANGE,,,PIDA.OP,39,Froth Operator,FTESV01,2025-10-14 17:50:33.801,Sheet2
,2025-10-14 17:50:56.001,Froth_Feed,250PIC4025,CHANGE,,,PIDA.OP,41,Froth Operator,FTESV01,2025-10-14 17:50:56.001,Sheet2
,2025-10-14 17:51:06.401,Froth_Feed,250PIC4025,CHANGE,,,PIDA.OP,40.5,Froth Operator,FTESV01,2025-10-14 17:51:06.401,Sheet2
,2025-10-14 17:51:06.801,Froth_Feed,250PIC4025,CHANGE,,,PIDA.OP,40,Froth Operator,FTESV01,2025-10-14 17:51:06.801,Sheet2
,2025-10-14 17:51:55.701,Froth_Feed,250PIC4025,CHANGE,,,PIDA.OP,39.5,Froth Operator,FTESV01,2025-10-14 17:51:55.701,Sheet2
,2025-10-14 17:51:56.201,Froth_Feed,250PIC4025,CHANGE,,,PIDA.OP,39,Froth Operator,FTESV01,2025-10-14 17:51:56.201,Sheet2
,2025-10-14 17:58:21.201,Froth_Feed,250PIC4025,CHANGE,,,PIDA.OP,38.5,Froth Operator,FTESV01,2025-10-14 17:58:21.201,Sheet2
,2025-10-14 17:58:21.501,Froth_Feed,250PIC4025,CHANGE,,,PIDA.OP,38,Froth Operator,FTESV01,2025-10-14 17:58:21.501,Sheet2
,2025-10-14 18:05:17.401,Froth_Feed,250PIC4025,CHANGE,,,PIDA.OP,36,Froth Operator,FTESV01,2025-10-14 18:05:17.401,Sheet2
,2025-10-14 18:09:13.301,Froth_Feed,250PIC4025,CHANGE,,,PIDA.OP,35.5,Froth Operator,FTESV01,2025-10-14 18:09:13.301,Sheet2
,2025-10-14 18:09:13.701,Froth_Feed,250PIC4025,CHANGE,,,PIDA.OP,35,Froth Operator,FTESV01,2025-10-14 18:09:13.701,Sheet2
,2025-10-14 18:14:38.901,Froth_Feed,250PIC4025,CHANGE,,,PIDA.OP,35.5,Froth Operator,FTESV01,2025-10-14 18:14:38.901,Sheet2
,2025-10-14 18:14:39.201,Froth_Feed,250PIC4025,CHANGE,,,PIDA.OP,36,Froth Operator,FTESV01,2025-10-14 18:14:39.201,Sheet2
,2025-10-14 18:14:44.201,Froth_Feed,250PIC4025,CHANGE,,,PIDA.OP,36.5,Froth Operator,FTESV01,2025-10-14 18:14:44.201,Sheet2
,2025-10-14 18:14:44.700,Froth_Feed,250PIC4025,CHANGE,,,PIDA.OP,37,Froth Operator,FTESV01,2025-10-14 18:14:44.700,Sheet2
,2025-10-14 18:15:58.901,Froth_Feed,250PIC4025,CHANGE,,,PIDA.OP,37.5,Froth Operator,FTESV01,2025-10-14 18:15:58.901,Sheet2
,2025-10-14 18:46:22.601,Froth_Feed,250PIC4025,CHANGE,,,PIDA.OP,37,Froth Operator,FTESV01,2025-10-14 18:46:22.601,Sheet2
,2025-10-14 19:41:13.401,Froth_Feed,250PIC4025,CHANGE,,,PIDA.OP,35,Froth Operator,FTESV01,2025-10-14 19:41:13.401,Sheet2
,2025-10-14 19:41:14.201,Froth_Feed,250PIC4025,CHANGE,,,PIDA.OP,33,Froth Operator,FTESV01,2025-10-14 19:41:14.201,Sheet2
,2025-10-14 19:42:18.501,Froth_Feed,250PIC4025,CHANGE,,,PIDA.OP,31,Froth Operator,FTESV01,2025-10-14 19:42:18.501,Sheet2
,2025-10-14 19:42:19.801,Froth_Feed,250PIC4025,CHANGE,,,PIDA.OP,29,Froth Operator,FTESV01,2025-10-14 19:42:19.801,Sheet2
,2025-10-14 19:42:29.501,Froth_Feed,250PIC4025,CHANGE,,,PIDA.OP,27,Froth Operator,FTESV01,2025-10-14 19:42:29.501,Sheet2
,2025-10-14 19:42:29.701,Froth_Feed,250PIC4025,CHANGE,,,PIDA.OP,25,Froth Operator,FTESV01,2025-10-14 19:42:29.701,Sheet2
,2025-10-14 19:42:30.301,Froth_Feed,250PIC4025,CHANGE,,,PIDA.OP,23,Froth Operator,FTESV01,2025-10-14 19:42:30.301,Sheet2
,2025-10-14 19:42:30.501,Froth_Feed,250PIC4025,CHANGE,,,PIDA.OP,21,Froth Operator,FTESV01,2025-10-14 19:42:30.501,Sheet2
,2025-10-14 19:42:30.801,Froth_Feed,250PIC4025,CHANGE,,,PIDA.OP,19,Froth Operator,FTESV01,2025-10-14 19:42:30.801,Sheet2
,2025-10-14 19:42:37.401,Froth_Feed,250PIC4025,CHANGE,,,PIDA.OP,17,Froth Operator,FTESV01,2025-10-14 19:42:37.401,Sheet2
,2025-10-14 19:42:37.901,Froth_Feed,250PIC4025,CHANGE,,,PIDA.OP,15,Froth Operator,FTESV01,2025-10-14 19:42:37.901,Sheet2
,2025-10-14 19:42:38.501,Froth_Feed,250PIC4025,CHANGE,,,PIDA.OP,13,Froth Operator,FTESV01,2025-10-14 19:42:38.501,Sheet2
,2025-10-14 19:42:40.201,Froth_Feed,250PIC4025,CHANGE,,,PIDA.OP,11,Froth Operator,FTESV01,2025-10-14 19:42:40.201,Sheet2
,2025-10-14 19:42:50.101,Froth_Feed,250PIC4025,CHANGE,,,PIDA.OP,10,Froth Operator,FTESV01,2025-10-14 19:42:50.101,Sheet2
,2025-10-14 19:43:27.401,Froth_Feed,250PIC4025,CHANGE,,,PIDA.OP,8,Froth Operator,FTESV01,2025-10-14 19:43:27.401,Sheet2
,2025-10-14 21:08:59.801,Froth_Feed,250PIC4025,CHANGE,,,PIDA.OP,10,Froth Operator,FTESV01,2025-10-14 21:08:59.801,Sheet2
,2025-10-14 21:10:31.701,Froth_Feed,250PIC4025,CHANGE,,,PIDA.OP,12,Froth Operator,FTESV01,2025-10-14 21:10:31.701,Sheet2
,2025-10-14 21:10:32.201,Froth_Feed,250PIC4025,CHANGE,,,PIDA.OP,14,Froth Operator,FTESV01,2025-10-14 21:10:32.201,Sheet2
,2025-10-14 21:10:33.201,Froth_Feed,250PIC4025,CHANGE,,,PIDA.OP,16,Froth Operator,FTESV01,2025-10-14 21:10:33.201,Sheet2
,2025-10-14 21:10:34.201,Froth_Feed,250PIC4025,CHANGE,,,PIDA.OP,18,Froth Operator,FTESV01,2025-10-14 21:10:34.201,Sheet2
,2025-10-14 21:10:36.401,Froth_Feed,250PIC4025,CHANGE,,,PIDA.OP,20,Froth Operator,FTESV01,2025-10-14 21:10:36.401,Sheet2
,2025-10-14 21:11:08.201,Froth_Feed,250PIC4025,CHANGE,,,PIDA.OP,22,Froth Operator,FTESV01,2025-10-14 21:11:08.201,Sheet2
,2025-10-14 21:11:11.501,Froth_Feed,250PIC4025,CHANGE,,,PIDA.OP,24,Froth Operator,FTESV01,2025-10-14 21:11:11.501,Sheet2
,2025-10-14 21:11:14.700,Froth_Feed,250PIC4025,CHANGE,,,PIDA.OP,26,Froth Operator,FTESV01,2025-10-14 21:11:14.700,Sheet2
,2025-10-14 21:11:16.201,Froth_Feed,250PIC4025,CHANGE,,,PIDA.OP,28,Froth Operator,FTESV01,2025-10-14 21:11:16.201,Sheet2
,2025-10-14 21:11:21.901,Froth_Feed,250PIC4025,CHANGE,,,PIDA.OP,30,Froth Operator,FTESV01,2025-10-14 21:11:21.901,Sheet2
,2025-10-14 21:11:22.801,Froth_Feed,250PIC4025,CHANGE,,,PIDA.OP,32,Froth Operator,FTESV01,2025-10-14 21:11:22.801,Sheet2
,2025-10-14 21:11:30.301,Froth_Feed,250PIC4025,CHANGE,,,PIDA.OP,34,Froth Operator,FTESV01,2025-10-14 21:11:30.301,Sheet2
,2025-10-14 21:11:33.601,Froth_Feed,250PIC4025,CHANGE,,,PIDA.OP,36,Froth Operator,FTESV01,2025-10-14 21:11:33.601,Sheet2
,2025-10-14 21:11:53.301,Froth_Feed,250PIC4025,CHANGE,,,PIDA.OP,35.5,Froth Operator,FTESV01,2025-10-14 21:11:53.301,Sheet2
,2025-10-14 21:11:53.801,Froth_Feed,250PIC4025,CHANGE,,,PIDA.OP,35,Froth Operator,FTESV01,2025-10-14 21:11:53.801,Sheet2
,2025-10-14 21:12:14.701,Froth_Feed,250PIC4025,CHANGE,,,PIDA.OP,35.5,Froth Operator,FTESV01,2025-10-14 21:12:14.701,Sheet2
,2025-10-14 21:12:15.201,Froth_Feed,250PIC4025,CHANGE,,,PIDA.OP,36,Froth Operator,FTESV01,2025-10-14 21:12:15.201,Sheet2
,2025-10-14 21:12:18.701,Froth_Feed,250PIC4025,CHANGE,,,PIDA.OP,36.5,Froth Operator,FTESV01,2025-10-14 21:12:18.701,Sheet2
,2025-10-14 21:12:51.101,Froth_Feed,250PIC4025,CHANGE,,,PIDA.OP,37,Froth Operator,FTESV01,2025-10-14 21:12:51.101,Sheet2
,2025-10-14 21:12:51.301,Froth_Feed,250PIC4025,CHANGE,,,PIDA.OP,37.5,Froth Operator,FTESV01,2025-10-14 21:12:51.301,Sheet2
,2025-10-14 21:13:21.401,Froth_Feed,250PIC4025,CHANGE,,,PIDA.OP,39.5,Froth Operator,FTESV01,2025-10-14 21:13:21.401,Sheet2
,2025-10-14 21:13:24.901,Froth_Feed,250PIC4025,CHANGE,,,PIDA.OP,40,Froth Operator,FTESV01,2025-10-14 21:13:24.901,Sheet2
,2025-10-14 21:13:25.401,Froth_Feed,250PIC4025,CHANGE,,,PIDA.OP,40.5,Froth Operator,FTESV01,2025-10-14 21:13:25.401,Sheet2
,2025-10-14 21:13:27.101,Froth_Feed,250PIC4025,CHANGE,,,PIDA.OP,40,Froth Operator,FTESV01,2025-10-14 21:13:27.101,Sheet2
,2025-10-14 21:14:03.501,Froth_Feed,250PIC4025,CHANGE,,,PIDA.OP,42,Froth Operator,FTESV01,2025-10-14 21:14:03.501,Sheet2
,2025-10-14 21:14:04.901,Froth_Feed,250PIC4025,CHANGE,,,PIDA.OP,44,Froth Operator,FTESV01,2025-10-14 21:14:04.901,Sheet2
,2025-10-14 21:14:12.801,Froth_Feed,250PIC4025,CHANGE,,,PIDA.OP,42,Froth Operator,FTESV01,2025-10-14 21:14:12.801,Sheet2
,2025-10-14 21:18:28.101,Froth_Feed,250PIC4025,CHANGE,,,PIDA.OP,41.5,Froth Operator,FTESV01,2025-10-14 21:18:28.101,Sheet2
,2025-10-14 21:18:28.701,Froth_Feed,250PIC4025,CHANGE,,,PIDA.OP,41,Froth Operator,FTESV01,2025-10-14 21:18:28.701,Sheet2
,2025-10-14 21:19:44.501,Froth_Feed,250PIC4025,CHANGE,,,PIDA.OP,40.5,Froth Operator,FTESV01,2025-10-14 21:19:44.501,Sheet2
,2025-10-14 21:19:44.801,Froth_Feed,250PIC4025,CHANGE,,,PIDA.OP,40,Froth Operator,FTESV01,2025-10-14 21:19:44.801,Sheet2
,2025-10-14 21:22:15.401,Froth_Feed,250PIC4025,CHANGE,,,PIDA.OP,39.5,Froth Operator,FTESV01,2025-10-14 21:22:15.401,Sheet2
,2025-10-14 21:22:15.701,Froth_Feed,250PIC4025,CHANGE,,,PIDA.OP,39,Froth Operator,FTESV01,2025-10-14 21:22:15.701,Sheet2
,2025-10-14 21:25:18.401,Froth_Feed,250PIC4025,CHANGE,,,PIDA.OP,38.5,Froth Operator,FTESV01,2025-10-14 21:25:18.401,Sheet2
,2025-10-14 21:25:18.701,Froth_Feed,250PIC4025,CHANGE,,,PIDA.OP,38,Froth Operator,FTESV01,2025-10-14 21:25:18.701,Sheet2
,2025-10-14 21:27:30.301,Froth_Feed,250PIC4025,CHANGE,,,PIDA.OP,37.5,Froth Operator,FTESV01,2025-10-14 21:27:30.301,Sheet2
,2025-10-14 21:27:30.901,Froth_Feed,250PIC4025,CHANGE,,,PIDA.OP,37,Froth Operator,FTESV01,2025-10-14 21:27:30.901,Sheet2
,2025-10-14 21:30:11.501,Froth_Feed,250PIC4025,CHANGE,,,PIDA.OP,36.5,Froth Operator,FTESV01,2025-10-14 21:30:11.501,Sheet2
,2025-10-14 21:30:11.801,Froth_Feed,250PIC4025,CHANGE,,,PIDA.OP,36,Froth Operator,FTESV01,2025-10-14 21:30:11.801,Sheet2
,2025-10-14 21:30:12.301,Froth_Feed,250PIC4025,CHANGE,,,PIDA.OP,35.5,Froth Operator,FTESV01,2025-10-14 21:30:12.301,Sheet2
,2025-10-14 21:30:21.001,Froth_Htrs,250FIC4001,CHANGE,,,PIDA.OP,31.5,Froth Operator,FTESV01,2025-10-14 21:30:21.001,Sheet2
,2025-10-14 21:33:47.700,Froth_Feed,250PIC4025,CHANGE,,,PIDA.OP,35,Froth Operator,FTESV01,2025-10-14 21:33:47.700,Sheet2
,2025-10-14 21:33:48.601,Froth_Feed,250PIC4025,CHANGE,,,PIDA.OP,34.5,Froth Operator,FTESV01,2025-10-14 21:33:48.601,Sheet2
,2025-10-14 21:33:49.001,Froth_Feed,250PIC4025,CHANGE,,,PIDA.OP,34,Froth Operator,FTESV01,2025-10-14 21:33:49.001,Sheet2
,2025-10-14 21:36:58.401,Froth_Feed,250PIC4025,CHANGE,,,PIDA.OP,33.5,Froth Operator,FTESV01,2025-10-14 21:36:58.401,Sheet2
,2025-10-14 21:36:58.701,Froth_Feed,250PIC4025,CHANGE,,,PIDA.OP,33,Froth Operator,FTESV01,2025-10-14 21:36:58.701,Sheet2
,2025-10-14 21:36:59.201,Froth_Feed,250PIC4025,CHANGE,,,PIDA.OP,32.5,Froth Operator,FTESV01,2025-10-14 21:36:59.201,Sheet2
,2025-10-14 21:37:00.801,Froth_Feed,250PIC4025,CHANGE,,,PIDA.OP,33,Froth Operator,FTESV01,2025-10-14 21:37:00.801,Sheet2
,2025-10-14 21:41:34.101,Froth_Feed,250PIC4025,CHANGE,,,PIDA.OP,32.5,Froth Operator,FTESV01,2025-10-14 21:41:34.101,Sheet2
,2025-10-14 21:41:34.501,Froth_Feed,250PIC4025,CHANGE,,,PIDA.OP,32,Froth Operator,FTESV01,2025-10-14 21:41:34.501,Sheet2
,2025-10-14 21:41:39.501,Froth_Htrs,250FIC4001,CHANGE,,,PIDA.OP,32,Froth Operator,FTESV01,2025-10-14 21:41:39.501,Sheet2
,2025-10-14 21:48:52.501,Froth_Htrs,250FIC4001,CHANGE,,,PIDA.OP,31.5,Froth Operator,FTESV01,2025-10-14 21:48:52.501,Sheet2
,2025-10-14 21:48:52.901,Froth_Htrs,250FIC4001,CHANGE,,,PIDA.OP,31,Froth Operator,FTESV01,2025-10-14 21:48:52.901,Sheet2
,2025-10-14 21:48:57.100,Froth_Htrs,250FIC4001,CHANGE,,,PIDA.OP,31.5,Froth Operator,FTESV01,2025-10-14 21:48:57.100,Sheet2
,2025-10-14 21:48:57.601,Froth_Htrs,250FIC4001,CHANGE,,,PIDA.OP,32,Froth Operator,FTESV01,2025-10-14 21:48:57.601,Sheet2
,2025-10-14 21:53:15.701,Froth_Feed,250PIC4025,CHANGE,,,PIDA.OP,31.5,Froth Operator,FTESV01,2025-10-14 21:53:15.701,Sheet2
,2025-10-14 21:53:16.201,Froth_Feed,250PIC4025,CHANGE,,,PIDA.OP,31,Froth Operator,FTESV01,2025-10-14 21:53:16.201,Sheet2
,2025-10-14 23:21:24.601,Froth_Feed,250PIC4025,CHANGE,,,PIDA.OP,33,Froth Operator,FTESV01,2025-10-14 23:21:24.601,Sheet2
,2025-10-14 23:24:08.801,Froth_Feed,250PIC4025,CHANGE,,,PIDA.OP,35,Froth Operator,FTESV01,2025-10-14 23:24:08.801,Sheet2
,2025-10-14 23:24:09.101,Froth_Feed,250PIC4025,CHANGE,,,PIDA.OP,37,Froth Operator,FTESV01,2025-10-14 23:24:09.101,Sheet2
,2025-10-14 23:32:49.901,Froth_Feed,250PIC4025,CHANGE,,,PIDA.OP,36.5,Froth Operator,FTESV01,2025-10-14 23:32:49.901,Sheet2
,2025-10-14 23:32:50.701,Froth_Feed,250PIC4025,CHANGE,,,PIDA.OP,36,Froth Operator,FTESV01,2025-10-14 23:32:50.701,Sheet2
,2025-10-14 23:55:38.001,Froth_Feed,250PIC4025,CHANGE,,,PIDA.OP,35.5,Froth Operator,FTESV01,2025-10-14 23:55:38.001,Sheet2
,2025-10-14 23:55:38.501,Froth_Feed,250PIC4025,CHANGE,,,PIDA.OP,35,Froth Operator,FTESV01,2025-10-14 23:55:38.501,Sheet2
,2025-10-15 00:37:55.201,Froth_Feed,250PIC4025,CHANGE,,,PIDA.OP,34.5,Froth Operator,FTESV01,2025-10-15 00:37:55.201,Sheet2
,2025-10-15 01:28:40.500,TSRU_Feed,250FIC4655,CHANGE,,,PIDA.OP,29.3816,Froth Operator,FTESV01,2025-10-15 01:28:40.500,Sheet2
,2025-10-15 01:28:40.701,TSRU_Feed,250FIC4655,CHANGE,,,PIDA.OP,27.3816,Froth Operator,FTESV01,2025-10-15 01:28:40.701,Sheet2
,2025-10-15 01:28:41.101,TSRU_Feed,250FIC4655,CHANGE,,,PIDA.OP,25.3816,Froth Operator,FTESV01,2025-10-15 01:28:41.101,Sheet2
,2025-10-15 01:28:41.501,TSRU_Feed,250FIC4655,CHANGE,,,PIDA.OP,23.3816,Froth Operator,FTESV01,2025-10-15 01:28:41.501,Sheet2
,2025-10-15 01:28:41.901,TSRU_Feed,250FIC4655,CHANGE,,,PIDA.OP,21.3816,Froth Operator,FTESV01,2025-10-15 01:28:41.901,Sheet2
,2025-10-15 01:28:42.301,TSRU_Feed,250FIC4655,CHANGE,,,PIDA.OP,19.3816,Froth Operator,FTESV01,2025-10-15 01:28:42.301,Sheet2
,2025-10-15 01:28:42.701,TSRU_Feed,250FIC4655,CHANGE,,,PIDA.OP,17.3816,Froth Operator,FTESV01,2025-10-15 01:28:42.701,Sheet2
,2025-10-15 01:28:43.201,TSRU_Feed,250FIC4655,CHANGE,,,PIDA.OP,15.3816,Froth Operator,FTESV01,2025-10-15 01:28:43.201,Sheet2
,2025-10-15 01:28:59.801,TSRU_Feed,250FIC4655,CHANGE,,,PIDA.OP,13.3816,Froth Operator,FTESV01,2025-10-15 01:28:59.801,Sheet2
,2025-10-15 01:54:51.701,Froth_Feed,250PIC4025,CHANGE,,,PIDA.OP,35,Froth Operator,FTESV01,2025-10-15 01:54:51.701,Sheet2
,2025-10-15 01:54:52.801,Froth_Feed,250PIC4025,CHANGE,,,PIDA.OP,35.5,Froth Operator,FTESV01,2025-10-15 01:54:52.801,Sheet2
,2025-10-15 01:54:53.201,Froth_Feed,250PIC4025,CHANGE,,,PIDA.OP,36,Froth Operator,FTESV01,2025-10-15 01:54:53.201,Sheet2
,2025-10-15 02:32:13.401,Froth_Feed,250PIC4025,CHANGE,,,PIDA.OP,34,Froth Operator,FTESV01,2025-10-15 02:32:13.401,Sheet2
,2025-10-15 02:32:13.501,Froth_Feed,250PIC4025,CHANGE,,,PIDA.OP,32,Froth Operator,FTESV01,2025-10-15 02:32:13.501,Sheet2
,2025-10-15 02:32:13.901,Froth_Feed,250PIC4025,CHANGE,,,PIDA.OP,30,Froth Operator,FTESV01,2025-10-15 02:32:13.901,Sheet2
,2025-10-15 02:32:15.901,Froth_Feed,250PIC4025,CHANGE,,,PIDA.OP,28,Froth Operator,FTESV01,2025-10-15 02:32:15.901,Sheet2
,2025-10-15 02:32:16.401,Froth_Feed,250PIC4025,CHANGE,,,PIDA.OP,26,Froth Operator,FTESV01,2025-10-15 02:32:16.401,Sheet2
,2025-10-15 02:32:17.001,Froth_Feed,250PIC4025,CHANGE,,,PIDA.OP,24,Froth Operator,FTESV01,2025-10-15 02:32:17.001,Sheet2
,2025-10-15 02:32:17.401,Froth_Feed,250PIC4025,CHANGE,,,PIDA.OP,22,Froth Operator,FTESV01,2025-10-15 02:32:17.401,Sheet2
,2025-10-15 02:32:37.001,Froth_Feed,250PIC4025,CHANGE,,,PIDA.OP,20,Froth Operator,FTESV01,2025-10-15 02:32:37.001,Sheet2
,2025-10-15 02:32:37.301,Froth_Feed,250PIC4025,CHANGE,,,PIDA.OP,18,Froth Operator,FTESV01,2025-10-15 02:32:37.301,Sheet2
,2025-10-15 02:32:37.401,Froth_Feed,250PIC4025,CHANGE,,,PIDA.OP,16,Froth Operator,FTESV01,2025-10-15 02:32:37.401,Sheet2
,2025-10-15 02:32:37.701,Froth_Feed,250PIC4025,CHANGE,,,PIDA.OP,14,Froth Operator,FTESV01,2025-10-15 02:32:37.701,Sheet2
,2025-10-15 02:32:37.901,Froth_Feed,250PIC4025,CHANGE,,,PIDA.OP,12,Froth Operator,FTESV01,2025-10-15 02:32:37.901,Sheet2
,2025-10-15 02:33:01.301,Froth_Feed,250PIC4025,CHANGE,,,PIDA.OP,10,Froth Operator,FTESV01,2025-10-15 02:33:01.301,Sheet2
,2025-10-15 04:02:05.101,Froth_Feed,250PIC4025,CHANGE,,,PIDA.OP,10,Froth Operator,FTESV01,2025-10-15 04:02:05.101,Sheet2
,2025-10-15 04:02:36.601,Froth_Feed,250PIC4025,CHANGE,,,PIDA.OP,12,Froth Operator,FTESV01,2025-10-15 04:02:36.601,Sheet2
,2025-10-15 04:02:37.201,Froth_Feed,250PIC4025,CHANGE,,,PIDA.OP,14,Froth Operator,FTESV01,2025-10-15 04:02:37.201,Sheet2
,2025-10-15 04:02:37.601,Froth_Feed,250PIC4025,CHANGE,,,PIDA.OP,16,Froth Operator,FTESV01,2025-10-15 04:02:37.601,Sheet2
,2025-10-15 04:02:38.301,Froth_Feed,250PIC4025,CHANGE,,,PIDA.OP,18,Froth Operator,FTESV01,2025-10-15 04:02:38.301,Sheet2
,2025-10-15 04:02:38.801,Froth_Feed,250PIC4025,CHANGE,,,PIDA.OP,20,Froth Operator,FTESV01,2025-10-15 04:02:38.801,Sheet2
,2025-10-15 04:02:39.401,Froth_Feed,250PIC4025,CHANGE,,,PIDA.OP,22,Froth Operator,FTESV01,2025-10-15 04:02:39.401,Sheet2
,2025-10-15 04:02:39.901,Froth_Feed,250PIC4025,CHANGE,,,PIDA.OP,24,Froth Operator,FTESV01,2025-10-15 04:02:39.901,Sheet2
,2025-10-15 04:02:40.401,Froth_Feed,250PIC4025,CHANGE,,,PIDA.OP,26,Froth Operator,FTESV01,2025-10-15 04:02:40.401,Sheet2
,2025-10-15 04:02:40.801,Froth_Feed,250PIC4025,CHANGE,,,PIDA.OP,28,Froth Operator,FTESV01,2025-10-15 04:02:40.801,Sheet2
,2025-10-15 04:02:41.501,Froth_Feed,250PIC4025,CHANGE,,,PIDA.OP,30,Froth Operator,FTESV01,2025-10-15 04:02:41.501,Sheet2
,2025-10-15 04:02:43.101,Froth_Feed,250PIC4025,CHANGE,,,PIDA.OP,32,Froth Operator,FTESV01,2025-10-15 04:02:43.101,Sheet2
,2025-10-15 04:02:43.501,Froth_Feed,250PIC4025,CHANGE,,,PIDA.OP,34,Froth Operator,FTESV01,2025-10-15 04:02:43.501,Sheet2
,2025-10-15 04:02:44.201,Froth_Feed,250PIC4025,CHANGE,,,PIDA.OP,36,Froth Operator,FTESV01,2025-10-15 04:02:44.201,Sheet2
,2025-10-15 04:02:45.401,Froth_Feed,250PIC4025,CHANGE,,,PIDA.OP,38,Froth Operator,FTESV01,2025-10-15 04:02:45.401,Sheet2
,2025-10-15 04:06:32.401,Froth_Feed,250PIC4025,CHANGE,,,PIDA.OP,40,Froth Operator,FTESV01,2025-10-15 04:06:32.401,Sheet2
,2025-10-15 04:06:33.001,Froth_Feed,250PIC4025,CHANGE,,,PIDA.OP,40.5,Froth Operator,FTESV01,2025-10-15 04:06:33.001,Sheet2
,2025-10-15 04:06:33.501,Froth_Feed,250PIC4025,CHANGE,,,PIDA.OP,41,Froth Operator,FTESV01,2025-10-15 04:06:33.501,Sheet2
,2025-10-15 04:06:59.401,Froth_Feed,250PIC4025,CHANGE,,,PIDA.OP,43,Froth Operator,FTESV01,2025-10-15 04:06:59.401,Sheet2
,2025-10-15 04:07:00.101,Froth_Feed,250PIC4025,CHANGE,,,PIDA.OP,43.5,Froth Operator,FTESV01,2025-10-15 04:07:00.101,Sheet2
,2025-10-15 04:07:05.001,Froth_Feed,250PIC4025,CHANGE,,,PIDA.OP,44,Froth Operator,FTESV01,2025-10-15 04:07:05.001,Sheet2
,2025-10-15 04:08:31.101,Froth_Feed,250PIC4025,CHANGE,,,PIDA.OP,46,Froth Operator,FTESV01,2025-10-15 04:08:31.101,Sheet2
,2025-10-15 04:08:32.001,Froth_Feed,250PIC4025,CHANGE,,,PIDA.OP,46.5,Froth Operator,FTESV01,2025-10-15 04:08:32.001,Sheet2
,2025-10-15 04:08:32.401,Froth_Feed,250PIC4025,CHANGE,,,PIDA.OP,47,Froth Operator,FTESV01,2025-10-15 04:08:32.401,Sheet2
,2025-10-15 04:09:27.901,Froth_Feed,250PIC4025,CHANGE,,,PIDA.OP,49,Froth Operator,FTESV01,2025-10-15 04:09:27.901,Sheet2
,2025-10-15 04:09:28.601,Froth_Feed,250PIC4025,CHANGE,,,PIDA.OP,49.5,Froth Operator,FTESV01,2025-10-15 04:09:28.601,Sheet2
,2025-10-15 04:09:28.901,Froth_Feed,250PIC4025,CHANGE,,,PIDA.OP,50,Froth Operator,FTESV01,2025-10-15 04:09:28.901,Sheet2
,2025-10-15 04:09:59.101,Froth_Feed,250PIC4025,CHANGE,,,PIDA.OP,52,Froth Operator,FTESV01,2025-10-15 04:09:59.101,Sheet2
,2025-10-15 04:09:59.401,Froth_Feed,250PIC4025,CHANGE,,,PIDA.OP,54,Froth Operator,FTESV01,2025-10-15 04:09:59.401,Sheet2
,2025-10-15 04:09:59.801,Froth_Feed,250PIC4025,CHANGE,,,PIDA.OP,56,Froth Operator,FTESV01,2025-10-15 04:09:59.801,Sheet2
,2025-10-15 04:11:11.401,Froth_Feed,250PIC4025,CHANGE,,,PIDA.OP,58,Froth Operator,FTESV01,2025-10-15 04:11:11.401,Sheet2
,2025-10-15 04:11:53.801,Froth_Feed,250PIC4025,CHANGE,,,PIDA.OP,60,Froth Operator,FTESV01,2025-10-15 04:11:53.801,Sheet2
,2025-10-15 04:11:56.101,Froth_Feed,250PIC4025,CHANGE,,,PIDA.OP,60.5,Froth Operator,FTESV01,2025-10-15 04:11:56.101,Sheet2
,2025-10-15 04:11:56.501,Froth_Feed,250PIC4025,CHANGE,,,PIDA.OP,61,Froth Operator,FTESV01,2025-10-15 04:11:56.501,Sheet2
,2025-10-15 04:12:31.301,Froth_Feed,250PIC4025,CHANGE,,,PIDA.OP,59,Froth Operator,FTESV01,2025-10-15 04:12:31.301,Sheet2
,2025-10-15 04:12:31.701,Froth_Feed,250PIC4025,CHANGE,,,PIDA.OP,57,Froth Operator,FTESV01,2025-10-15 04:12:31.701,Sheet2
,2025-10-15 04:12:32.601,Froth_Feed,250PIC4025,CHANGE,,,PIDA.OP,55,Froth Operator,FTESV01,2025-10-15 04:12:32.601,Sheet2
,2025-10-15 04:12:33.701,Froth_Feed,250PIC4025,CHANGE,,,PIDA.OP,57,Froth Operator,FTESV01,2025-10-15 04:12:33.701,Sheet2
,2025-10-15 04:12:33.901,Froth_Feed,250PIC4025,CHANGE,,,PIDA.OP,59,Froth Operator,FTESV01,2025-10-15 04:12:33.901,Sheet2
,2025-10-15 04:13:48.501,Froth_Feed,250PIC4025,CHANGE,,,PIDA.OP,57,Froth Operator,FTESV01,2025-10-15 04:13:48.501,Sheet2
,2025-10-15 04:14:19.001,Froth_Feed,250PIC4025,CHANGE,,,PIDA.OP,55,Froth Operator,FTESV01,2025-10-15 04:14:19.001,Sheet2
,2025-10-15 04:14:46.201,Froth_Feed,250PIC4025,CHANGE,,,PIDA.OP,53,Froth Operator,FTESV01,2025-10-15 04:14:46.201,Sheet2
,2025-10-15 04:15:12.701,Froth_Feed,250PIC4025,CHANGE,,,PIDA.OP,52.5,Froth Operator,FTESV01,2025-10-15 04:15:12.701,Sheet2
,2025-10-15 04:15:13.001,Froth_Feed,250PIC4025,CHANGE,,,PIDA.OP,52,Froth Operator,FTESV01,2025-10-15 04:15:13.001,Sheet2
,2025-10-15 04:15:14.101,Froth_Feed,250PIC4025,CHANGE,,,PIDA.OP,50,Froth Operator,FTESV01,2025-10-15 04:15:14.101,Sheet2
,2025-10-15 04:15:40.301,Froth_Feed,250PIC4025,CHANGE,,,PIDA.OP,48,Froth Operator,FTESV01,2025-10-15 04:15:40.301,Sheet2
,2025-10-15 04:16:26.401,Froth_Feed,250PIC4025,CHANGE,,,PIDA.OP,46,Froth Operator,FTESV01,2025-10-15 04:16:26.401,Sheet2
,2025-10-15 04:16:51.401,Froth_Feed,250PIC4025,CHANGE,,,PIDA.OP,44,Froth Operator,FTESV01,2025-10-15 04:16:51.401,Sheet2
,2025-10-15 04:18:31.901,Froth_Feed,250PIC4025,CHANGE,,,PIDA.OP,42,Froth Operator,FTESV01,2025-10-15 04:18:31.901,Sheet2
,2025-10-15 04:18:35.101,Froth_Feed,250PIC4025,CHANGE,,,PIDA.OP,40,Froth Operator,FTESV01,2025-10-15 04:18:35.101,Sheet2
,2025-10-15 04:21:21.001,Froth_Feed,250PIC4025,CHANGE,,,PIDA.OP,42,Froth Operator,FTESV01,2025-10-15 04:21:21.001,Sheet2
,2025-10-15 04:21:21.901,Froth_Feed,250PIC4025,CHANGE,,,PIDA.OP,42.5,Froth Operator,FTESV01,2025-10-15 04:21:21.901,Sheet2
,2025-10-15 04:21:22.301,Froth_Feed,250PIC4025,CHANGE,,,PIDA.OP,43,Froth Operator,FTESV01,2025-10-15 04:21:22.301,Sheet2
,2025-10-15 04:21:28.001,Froth_Feed,250PIC4025,CHANGE,,,PIDA.OP,43.5,Froth Operator,FTESV01,2025-10-15 04:21:28.001,Sheet2
,2025-10-15 04:21:28.301,Froth_Feed,250PIC4025,CHANGE,,,PIDA.OP,44,Froth Operator,FTESV01,2025-10-15 04:21:28.301,Sheet2
,2025-10-15 04:22:39.101,Froth_Feed,250PIC4025,CHANGE,,,PIDA.OP,46,Froth Operator,FTESV01,2025-10-15 04:22:39.101,Sheet2
,2025-10-15 04:48:31.401,Froth_Htrs,250FIC4001,CHANGE,,,PIDA.OP,34.5,Froth Operator,FTESV01,2025-10-15 04:48:31.401,Sheet2
,2025-10-15 04:48:32.301,Froth_Htrs,250FIC4001,CHANGE,,,PIDA.OP,35,Froth Operator,FTESV01,2025-10-15 04:48:32.301,Sheet2
,2025-10-15 05:47:50.001,Froth_Feed,250PIC4025,CHANGE,,,PIDA.OP,48,Froth Operator,FTESV01,2025-10-15 05:47:50.001,Sheet2
,2025-10-15 05:51:19.401,Froth_Htrs,250FIC4001,CHANGE,,,PIDA.OP,35.9818,Froth Operator,FTESV01,2025-10-15 05:51:19.401,Sheet2
,2025-10-15 05:51:53.501,Froth_Feed,250PIC4025,CHANGE,,,PIDA.OP,47.5,Froth Operator,FTESV01,2025-10-15 05:51:53.501,Sheet2
,2025-10-15 05:51:53.901,Froth_Feed,250PIC4025,CHANGE,,,PIDA.OP,47,Froth Operator,FTESV01,2025-10-15 05:51:53.901,Sheet2
,2025-10-15 05:51:54.401,Froth_Feed,250PIC4025,CHANGE,,,PIDA.OP,46.5,Froth Operator,FTESV01,2025-10-15 05:51:54.401,Sheet2
,2025-10-15 05:51:54.801,Froth_Feed,250PIC4025,CHANGE,,,PIDA.OP,46,Froth Operator,FTESV01,2025-10-15 05:51:54.801,Sheet2
,2025-10-15 05:52:15.901,Froth_Htrs,250FIC4001,CHANGE,,,PIDA.OP,36.4818,Froth Operator,FTESV01,2025-10-15 05:52:15.901,Sheet2
,2025-10-15 05:52:19.401,Froth_Htrs,250FIC4001,CHANGE,,,PIDA.OP,36.9818,Froth Operator,FTESV01,2025-10-15 05:52:19.401,Sheet2
,2025-10-15 05:53:16.601,Froth_Feed,250PIC4025,CHANGE,,,PIDA.OP,45.5,Froth Operator,FTESV01,2025-10-15 05:53:16.601,Sheet2
,2025-10-15 05:53:17.201,Froth_Feed,250PIC4025,CHANGE,,,PIDA.OP,45,Froth Operator,FTESV01,2025-10-15 05:53:17.201,Sheet2
,2025-10-15 05:53:18.701,Froth_Feed,250PIC4025,CHANGE,,,PIDA.OP,44.5,Froth Operator,FTESV01,2025-10-15 05:53:18.701,Sheet2
,2025-10-15 05:53:19.201,Froth_Feed,250PIC4025,CHANGE,,,PIDA.OP,44,Froth Operator,FTESV01,2025-10-15 05:53:19.201,Sheet2
,2025-10-15 05:55:17.501,Froth_Htrs,250FIC4001,CHANGE,,,PIDA.OP,36.4818,Froth Operator,FTESV01,2025-10-15 05:55:17.501,Sheet2
,2025-10-15 05:55:18.801,Froth_Htrs,250FIC4001,CHANGE,,,PIDA.OP,35.9818,Froth Operator,FTESV01,2025-10-15 05:55:18.801,Sheet2
,2025-10-15 05:56:37.901,Froth_Htrs,250FIC4001,CHANGE,,,PIDA.OP,35.4818,Froth Operator,FTESV01,2025-10-15 05:56:37.901,Sheet2
,2025-10-15 05:59:09.801,Froth_Feed,250PIC4025,CHANGE,,,PIDA.OP,46,Froth Operator,FTESV01,2025-10-15 05:59:09.801,Sheet2
,2025-10-15 06:00:27.701,Froth_Htrs,250FIC4001,CHANGE,,,PIDA.OP,35.9818,Froth Operator,FTESV01,2025-10-15 06:00:27.701,Sheet2
,2025-10-15 06:01:09.901,Froth_Htrs,250FIC4001,CHANGE,,,PIDA.OP,36.4818,Froth Operator,FTESV01,2025-10-15 06:01:09.901,Sheet2
,2025-10-15 06:01:52.201,Froth_Htrs,250FIC4001,CHANGE,,,PIDA.OP,36.9818,Froth Operator,FTESV01,2025-10-15 06:01:52.201,Sheet2
,2025-10-15 06:14:46.601,Froth_Feed,250PIC4025,CHANGE,,,PIDA.OP,45.5,Froth Operator,FTESV01,2025-10-15 06:14:46.601,Sheet2
,2025-10-15 06:14:47.201,Froth_Feed,250PIC4025,CHANGE,,,PIDA.OP,45,Froth Operator,FTESV01,2025-10-15 06:14:47.201,Sheet2
,2025-10-15 06:14:47.901,Froth_Feed,250PIC4025,CHANGE,,,PIDA.OP,44.5,Froth Operator,FTESV01,2025-10-15 06:14:47.901,Sheet2
,2025-10-15 06:14:48.401,Froth_Feed,250PIC4025,CHANGE,,,PIDA.OP,44,Froth Operator,FTESV01,2025-10-15 06:14:48.401,Sheet2
,2025-10-15 06:16:16.001,Froth_Htrs,250FIC4001,CHANGE,,,PIDA.OP,37.4818,Froth Operator,FTESV01,2025-10-15 06:16:16.001,Sheet2
,2025-10-15 06:18:50.201,Froth_Htrs,250FIC4001,CHANGE,,,PIDA.OP,37.9818,Froth Operator,FTESV01,2025-10-15 06:18:50.201,Sheet2
,2025-10-15 06:19:24.201,Froth_Feed,250PIC4025,CHANGE,,,PIDA.OP,43.5,Froth Operator,FTESV01,2025-10-15 06:19:24.201,Sheet2
,2025-10-15 06:19:24.601,Froth_Feed,250PIC4025,CHANGE,,,PIDA.OP,43,Froth Operator,FTESV01,2025-10-15 06:19:24.601,Sheet2
,2025-10-15 06:19:31.901,Froth_Htrs,250FIC4001,CHANGE,,,PIDA.OP,38.4818,Froth Operator,FTESV01,2025-10-15 06:19:31.901,Sheet2
,2025-10-15 06:19:33.201,Froth_Htrs,250FIC4001,CHANGE,,,PIDA.OP,38.9818,Froth Operator,FTESV01,2025-10-15 06:19:33.201,Sheet2
,2025-10-15 06:19:43.501,Froth_Feed,250PIC4025,CHANGE,,,PIDA.OP,42.5,Froth Operator,FTESV01,2025-10-15 06:19:43.501,Sheet2
,2025-10-15 06:19:44.001,Froth_Feed,250PIC4025,CHANGE,,,PIDA.OP,42,Froth Operator,FTESV01,2025-10-15 06:19:44.001,Sheet2
,2025-10-15 06:20:09.401,Froth_Feed,250PIC4025,CHANGE,,,PIDA.OP,41.5,Froth Operator,FTESV01,2025-10-15 06:20:09.401,Sheet2
,2025-10-15 06:20:09.901,Froth_Feed,250PIC4025,CHANGE,,,PIDA.OP,41,Froth Operator,FTESV01,2025-10-15 06:20:09.901,Sheet2
,2025-10-15 06:20:12.501,Froth_Feed,250PIC4025,CHANGE,,,PIDA.OP,40.5,Froth Operator,FTESV01,2025-10-15 06:20:12.501,Sheet2
,2025-10-15 06:20:13.001,Froth_Feed,250PIC4025,CHANGE,,,PIDA.OP,40,Froth Operator,FTESV01,2025-10-15 06:20:13.001,Sheet2
,2025-10-15 06:21:01.301,Froth_Feed,250PIC4025,CHANGE,,,PIDA.OP,39.5,Froth Operator,FTESV01,2025-10-15 06:21:01.301,Sheet2
,2025-10-15 06:21:01.701,Froth_Feed,250PIC4025,CHANGE,,,PIDA.OP,39,Froth Operator,FTESV01,2025-10-15 06:21:01.701,Sheet2
,2025-10-15 06:21:10.301,Froth_Feed,250PIC4025,CHANGE,,,PIDA.OP,38.5,Froth Operator,FTESV01,2025-10-15 06:21:10.301,Sheet2
,2025-10-15 06:21:10.901,Froth_Feed,250PIC4025,CHANGE,,,PIDA.OP,38,Froth Operator,FTESV01,2025-10-15 06:21:10.901,Sheet2
,2025-10-15 06:21:13.401,Froth_Feed,250PIC4025,CHANGE,,,PIDA.OP,37.5,Froth Operator,FTESV01,2025-10-15 06:21:13.401,Sheet2
,2025-10-15 06:21:13.801,Froth_Feed,250PIC4025,CHANGE,,,PIDA.OP,37,Froth Operator,FTESV01,2025-10-15 06:21:13.801,Sheet2
,2025-10-15 06:21:52.901,Froth_Feed,250PIC4025,CHANGE,,,PIDA.OP,36.5,Froth Operator,FTESV01,2025-10-15 06:21:52.901,Sheet2
,2025-10-15 06:21:53.301,Froth_Feed,250PIC4025,CHANGE,,,PIDA.OP,36,Froth Operator,FTESV01,2025-10-15 06:21:53.301,Sheet2
,2025-10-15 06:22:08.801,Froth_Feed,250PIC4025,CHANGE,,,PIDA.OP,35.5,Froth Operator,FTESV01,2025-10-15 06:22:08.801,Sheet2
,2025-10-15 06:22:09.301,Froth_Feed,250PIC4025,CHANGE,,,PIDA.OP,35,Froth Operator,FTESV01,2025-10-15 06:22:09.301,Sheet2
,2025-10-15 06:36:43.001,Froth_Feed,250PIC4025,CHANGE,,,PIDA.OP,35.5,Froth Operator,FTESV01,2025-10-15 06:36:43.001,Sheet2
,2025-10-15 06:36:43.501,Froth_Feed,250PIC4025,CHANGE,,,PIDA.OP,36,Froth Operator,FTESV01,2025-10-15 06:36:43.501,Sheet2
,2025-10-15 06:36:52.601,Froth_Feed,250PIC4025,CHANGE,,,PIDA.OP,36.5,Froth Operator,FTESV01,2025-10-15 06:36:52.601,Sheet2
,2025-10-15 06:36:53.201,Froth_Feed,250PIC4025,CHANGE,,,PIDA.OP,37,Froth Operator,FTESV01,2025-10-15 06:36:53.201,Sheet2
,2025-10-15 07:24:59.701,Froth_Feed,250PIC4025,CHANGE,,,PIDA.OP,36.5,Froth Operator,FTESV01,2025-10-15 07:24:59.701,Sheet2
,2025-10-15 07:25:00.501,Froth_Feed,250PIC4025,CHANGE,,,PIDA.OP,36,Froth Operator,FTESV01,2025-10-15 07:25:00.501,Sheet2
,2025-10-15 07:25:47.901,Froth_Feed,250PIC4025,CHANGE,,,PIDA.OP,35.5,Froth Operator,FTESV01,2025-10-15 07:25:47.901,Sheet2
,2025-10-15 07:25:48.401,Froth_Feed,250PIC4025,CHANGE,,,PIDA.OP,35,Froth Operator,FTESV01,2025-10-15 07:25:48.401,Sheet2
,2025-10-15 07:26:48.401,Froth_Feed,250PIC4025,CHANGE,,,PIDA.OP,34.5,Froth Operator,FTESV01,2025-10-15 07:26:48.401,Sheet2
,2025-10-15 07:26:49.301,Froth_Feed,250PIC4025,CHANGE,,,PIDA.OP,34,Froth Operator,FTESV01,2025-10-15 07:26:49.301,Sheet2
,2025-10-15 07:27:16.901,Froth_Feed,250PIC4025,CHANGE,,,PIDA.OP,33.5,Froth Operator,FTESV01,2025-10-15 07:27:16.901,Sheet2
,2025-10-15 07:27:17.401,Froth_Feed,250PIC4025,CHANGE,,,PIDA.OP,33,Froth Operator,FTESV01,2025-10-15 07:27:17.401,Sheet2
,2025-10-15 07:27:21.701,Froth_Feed,250PIC4025,CHANGE,,,PIDA.OP,32.5,Froth Operator,FTESV01,2025-10-15 07:27:21.701,Sheet2
,2025-10-15 07:27:22.301,Froth_Feed,250PIC4025,CHANGE,,,PIDA.OP,32,Froth Operator,FTESV01,2025-10-15 07:27:22.301,Sheet2
,2025-10-15 07:28:10.901,Froth_Feed,250PIC4025,CHANGE,,,PIDA.OP,31.5,Froth Operator,FTESV01,2025-10-15 07:28:10.901,Sheet2
,2025-10-15 07:28:11.401,Froth_Feed,250PIC4025,CHANGE,,,PIDA.OP,31,Froth Operator,FTESV01,2025-10-15 07:28:11.401,Sheet2
,2025-10-15 07:28:11.901,Froth_Feed,250PIC4025,CHANGE,,,PIDA.OP,30.5,Froth Operator,FTESV01,2025-10-15 07:28:11.901,Sheet2
,2025-10-15 07:28:12.301,Froth_Feed,250PIC4025,CHANGE,,,PIDA.OP,30,Froth Operator,FTESV01,2025-10-15 07:28:12.301,Sheet2
,2025-10-15 07:30:10.501,Froth_Feed,250PIC4025,CHANGE,,,PIDA.OP,29.5,Froth Operator,FTESV01,2025-10-15 07:30:10.501,Sheet2
,2025-10-15 07:30:11.001,Froth_Feed,250PIC4025,CHANGE,,,PIDA.OP,29,Froth Operator,FTESV01,2025-10-15 07:30:11.001,Sheet2
,2025-10-15 07:30:12.401,Froth_Feed,250PIC4025,CHANGE,,,PIDA.OP,28.5,Froth Operator,FTESV01,2025-10-15 07:30:12.401,Sheet2
,2025-10-15 07:30:12.901,Froth_Feed,250PIC4025,CHANGE,,,PIDA.OP,28,Froth Operator,FTESV01,2025-10-15 07:30:12.901,Sheet2
,2025-10-15 07:36:38.201,Froth_Feed,250PIC4025,CHANGE,,,PIDA.OP,27.5,Froth Operator,FTESV01,2025-10-15 07:36:38.201,Sheet2
,2025-10-15 07:36:38.801,Froth_Feed,250PIC4025,CHANGE,,,PIDA.OP,27,Froth Operator,FTESV01,2025-10-15 07:36:38.801,Sheet2
,2025-10-15 07:36:40.201,Froth_Feed,250PIC4025,CHANGE,,,PIDA.OP,26.5,Froth Operator,FTESV01,2025-10-15 07:36:40.201,Sheet2
,2025-10-15 07:36:40.701,Froth_Feed,250PIC4025,CHANGE,,,PIDA.OP,26,Froth Operator,FTESV01,2025-10-15 07:36:40.701,Sheet2
,2025-10-15 07:43:56.401,Froth_Feed,250PIC4025,CHANGE,,,PIDA.OP,25.5,Froth Operator,FTESV01,2025-10-15 07:43:56.401,Sheet2
,2025-10-15 07:43:56.901,Froth_Feed,250PIC4025,CHANGE,,,PIDA.OP,25,Froth Operator,FTESV01,2025-10-15 07:43:56.901,Sheet2
,2025-10-15 07:45:15.602,Froth_Feed,250PIC4025,CHANGE,,,PIDA.OP,24.5,Froth Operator,FTESV01,2025-10-15 07:45:15.602,Sheet2
,2025-10-15 07:45:16.201,Froth_Feed,250PIC4025,CHANGE,,,PIDA.OP,24,Froth Operator,FTESV01,2025-10-15 07:45:16.201,Sheet2
,2025-10-15 07:45:18.300,Froth_Feed,250PIC4025,CHANGE,,,PIDA.OP,23.5,Froth Operator,FTESV01,2025-10-15 07:45:18.300,Sheet2
,2025-10-15 07:45:18.701,Froth_Feed,250PIC4025,CHANGE,,,PIDA.OP,23,Froth Operator,FTESV01,2025-10-15 07:45:18.701,Sheet2
,2025-10-15 07:46:31.001,Froth_Feed,250PIC4025,CHANGE,,,PIDA.OP,22.5,Froth Operator,FTESV01,2025-10-15 07:46:31.001,Sheet2
,2025-10-15 07:46:31.401,Froth_Feed,250PIC4025,CHANGE,,,PIDA.OP,22,Froth Operator,FTESV01,2025-10-15 07:46:31.401,Sheet2
,2025-10-15 08:08:45.800,Froth_Feed,250PIC4025,CHANGE,,,PIDA.OP,21.5,Froth Operator,FTESV01,2025-10-15 08:08:45.800,Sheet2
,2025-10-15 08:08:46.401,Froth_Feed,250PIC4025,CHANGE,,,PIDA.OP,21,Froth Operator,FTESV01,2025-10-15 08:08:46.401,Sheet2
,2025-10-15 08:10:01.401,RCW_Distrib_250,250PIC4091,CHANGE,,,pida.op,20,Froth Operator,FTESV01,2025-10-15 08:10:01.401,Sheet2
,2025-10-15 08:10:57.901,Froth_Feed,250PIC4025,CHANGE,,,PIDA.OP,19,Froth Operator,FTESV01,2025-10-15 08:10:57.901,Sheet2
,2025-10-15 08:17:15.101,SRU_Column,260FIC4109,CHANGE,,,PIDA.OP,10,Froth Operator,FTESV01,2025-10-15 08:17:15.101,Sheet2
,2025-10-15 08:17:24.401,SRU_Column,260FIC4108,CHANGE,,,PIDA.OP,10,Froth Operator,FTESV01,2025-10-15 08:17:24.401,Sheet2
,2025-10-15 08:18:42.001,Froth_Feed,250PIC4025,CHANGE,,,PIDA.OP,21,Froth Operator,FTESV01,2025-10-15 08:18:42.001,Sheet2
,2025-10-15 08:59:57.201,RCW_Distrib_250,250PIC4091,CHANGE,,,pida.op,18,Froth Operator,FTESV01,2025-10-15 08:59:57.201,Sheet2
,2025-10-15 08:59:57.801,RCW_Distrib_250,250PIC4091,CHANGE,,,pida.op,16,Froth Operator,FTESV01,2025-10-15 08:59:57.801,Sheet2
,2025-10-15 08:59:58.801,RCW_Distrib_250,250PIC4091,CHANGE,,,pida.op,14,Froth Operator,FTESV01,2025-10-15 08:59:58.801,Sheet2
,2025-10-15 08:59:59.601,RCW_Distrib_250,250PIC4091,CHANGE,,,pida.op,12,Froth Operator,FTESV01,2025-10-15 08:59:59.601,Sheet2
,2025-10-15 09:00:00.301,RCW_Distrib_250,250PIC4091,CHANGE,,,pida.op,10,Froth Operator,FTESV01,2025-10-15 09:00:00.301,Sheet2
,2025-10-15 09:06:09.901,TSRU_Feed,250FIC4655,CHANGE,,,PIDA.OP,28.1474,Froth Operator,FTESV01,2025-10-15 09:06:09.901,Sheet2
,2025-10-15 09:06:12.201,TSRU_Feed,250FIC4655,CHANGE,,,PIDA.OP,30.1474,Froth Operator,FTESV01,2025-10-15 09:06:12.201,Sheet2
,2025-10-15 09:06:23.601,TSRU_Feed,250FIC4655,CHANGE,,,PIDA.OP,32.1474,Froth Operator,FTESV01,2025-10-15 09:06:23.601,Sheet2
,2025-10-15 09:07:10.301,TSRU_Feed,250FIC4655,CHANGE,,,PIDA.OP,34.1474,Froth Operator,FTESV01,2025-10-15 09:07:10.301,Sheet2
,2025-10-15 09:08:37.401,TSRU_Feed,250FIC4655,CHANGE,,,PIDA.OP,36.1474,Froth Operator,FTESV01,2025-10-15 09:08:37.401,Sheet2
,2025-10-15 09:08:46.201,TSRU_Feed,250FIC4655,CHANGE,,,PIDA.OP,38.1474,Froth Operator,FTESV01,2025-10-15 09:08:46.201,Sheet2
,2025-10-15 09:09:22.301,RCW_Distrib_250,250PIC4091,CHANGE,,,pida.op,8,Froth Operator,FTESV01,2025-10-15 09:09:22.301,Sheet2
,2025-10-15 09:09:26.101,RCW_Distrib_250,250PIC4091,CHANGE,,,pida.op,6,Froth Operator,FTESV01,2025-10-15 09:09:26.101,Sheet2
,2025-10-15 09:10:29.101,TSRU_Feed,250FIC4655,CHANGE,,,PIDA.OP,40,Froth Operator,FTESV01,2025-10-15 09:10:29.101,Sheet2
,2025-10-15 09:11:30.501,Froth_Feed,250PIC4025,CHANGE,,,PIDA.OP,23,Froth Operator,FTESV01,2025-10-15 09:11:30.501,Sheet2
,2025-10-15 09:11:38.001,Froth_Feed,250PIC4025,CHANGE,,,PIDA.OP,25,Froth Operator,FTESV01,2025-10-15 09:11:38.001,Sheet2
,2025-10-15 09:20:12.701,RCW_Distrib_250,250PIC4091,CHANGE,,,pida.op,4,Froth Operator,FTESV01,2025-10-15 09:20:12.701,Sheet2
,2025-10-15 09:20:13.901,RCW_Distrib_250,250PIC4091,CHANGE,,,pida.op,2,Froth Operator,FTESV01,2025-10-15 09:20:13.901,Sheet2
,2025-10-15 09:24:37.300,TSRU_Feed,250FIC4655,CHANGE,,,PIDA.OP,34.7315,Froth Operator,FTESV01,2025-10-15 09:24:37.300,Sheet2
,2025-10-15 09:24:37.601,TSRU_Feed,250FIC4655,CHANGE,,,PIDA.OP,32.7315,Froth Operator,FTESV01,2025-10-15 09:24:37.601,Sheet2
,2025-10-15 09:27:48.701,Froth_Feed,250PIC4025,CHANGE,,,PIDA.OP,25.5,Froth Operator,FTESV01,2025-10-15 09:27:48.701,Sheet2
,2025-10-15 09:27:50.201,Froth_Feed,250PIC4025,CHANGE,,,PIDA.OP,26,Froth Operator,FTESV01,2025-10-15 09:27:50.201,Sheet2
,2025-10-15 09:53:14.101,Froth_Feed,250PIC4025,CHANGE,,,PIDA.OP,26.5,Froth Operator,FTESV01,2025-10-15 09:53:14.101,Sheet2
,2025-10-15 09:53:14.700,Froth_Feed,250PIC4025,CHANGE,,,PIDA.OP,27,Froth Operator,FTESV01,2025-10-15 09:53:14.700,Sheet2
,2025-10-15 09:58:04.701,Froth_Feed,250PIC4025,CHANGE,,,PIDA.OP,27.5,Froth Operator,FTESV01,2025-10-15 09:58:04.701,Sheet2
,2025-10-15 09:58:05.001,Froth_Feed,250PIC4025,CHANGE,,,PIDA.OP,28,Froth Operator,FTESV01,2025-10-15 09:58:05.001,Sheet2
,2025-10-15 09:58:23.301,Froth_Feed,250PIC4025,CHANGE,,,PIDA.OP,27.5,Froth Operator,FTESV01,2025-10-15 09:58:23.301,Sheet2
,2025-10-15 09:58:23.601,Froth_Feed,250PIC4025,CHANGE,,,PIDA.OP,28,Froth Operator,FTESV01,2025-10-15 09:58:23.601,Sheet2
,2025-10-15 09:58:27.200,Froth_Feed,250PIC4025,CHANGE,,,PIDA.OP,28,Froth Operator,FTESV01,2025-10-15 09:58:27.200,Sheet2
,2025-10-15 10:03:11.501,TSRU_Feed,250FIC4655,CHANGE,,,PIDA.OP,17.2841,Froth Operator,FTESV01,2025-10-15 10:03:11.501,Sheet2
,2025-10-15 10:03:14.301,TSRU_Feed,250FIC4655,CHANGE,,,PIDA.OP,15.2841,Froth Operator,FTESV01,2025-10-15 10:03:14.301,Sheet2
,2025-10-15 10:03:18.401,TSRU_Feed,250FIC4655,CHANGE,,,PIDA.OP,13.2841,Froth Operator,FTESV01,2025-10-15 10:03:18.401,Sheet2
,2025-10-15 10:03:23.001,TSRU_Feed,250FIC4655,CHANGE,,,PIDA.OP,11.2841,Froth Operator,FTESV01,2025-10-15 10:03:23.001,Sheet2
,2025-10-15 10:03:26.701,TSRU_Feed,250FIC4655,CHANGE,,,PIDA.OP,9.28411,Froth Operator,FTESV01,2025-10-15 10:03:26.701,Sheet2
,2025-10-15 10:10:12.601,TSRU_1_STG_Tail,270FIC4161,CHANGE,,,pida.op,2,Froth Operator,FTESV01,2025-10-15 10:10:12.601,Sheet2
,2025-10-15 10:10:13.201,TSRU_1_STG_Tail,270FIC4161,CHANGE,,,pida.op,4,Froth Operator,FTESV01,2025-10-15 10:10:13.201,Sheet2
,2025-10-15 10:10:13.701,TSRU_1_STG_Tail,270FIC4161,CHANGE,,,pida.op,6,Froth Operator,FTESV01,2025-10-15 10:10:13.701,Sheet2
,2025-10-15 10:10:14.201,TSRU_1_STG_Tail,270FIC4161,CHANGE,,,pida.op,8,Froth Operator,FTESV01,2025-10-15 10:10:14.201,Sheet2
,2025-10-15 10:10:15.001,TSRU_1_STG_Tail,270FIC4161,CHANGE,,,pida.op,10,Froth Operator,FTESV01,2025-10-15 10:10:15.001,Sheet2
,2025-10-15 10:10:21.001,TSRU_1_STG_Tail,270FIC4161,CHANGE,,,pida.op,12,Froth Operator,FTESV01,2025-10-15 10:10:21.001,Sheet2
,2025-10-15 10:10:22.401,TSRU_1_STG_Tail,270FIC4161,CHANGE,,,pida.op,14,Froth Operator,FTESV01,2025-10-15 10:10:22.401,Sheet2
,2025-10-15 10:10:52.901,TSRU_1_STG_Tail,270FIC4161,CHANGE,,,pida.op,16,Froth Operator,FTESV01,2025-10-15 10:10:52.901,Sheet2
,2025-10-15 10:11:38.901,TSRU_1_STG_Tail,270FIC4161,CHANGE,,,pida.op,18,Froth Operator,FTESV01,2025-10-15 10:11:38.901,Sheet2
,2025-10-15 10:11:39.800,TSRU_1_STG_Tail,270FIC4161,CHANGE,,,pida.op,20,Froth Operator,FTESV01,2025-10-15 10:11:39.800,Sheet2
,2025-10-15 10:12:55.501,TSRU_1_STG_Tail,270FIC4161,CHANGE,,,pida.op,22,Froth Operator,FTESV01,2025-10-15 10:12:55.501,Sheet2
,2025-10-15 10:12:56.901,TSRU_1_STG_Tail,270FIC4161,CHANGE,,,pida.op,24,Froth Operator,FTESV01,2025-10-15 10:12:56.901,Sheet2
,2025-10-15 10:13:04.801,TSRU_2_STG_Tail,270FIC4162,CHANGE,,,PIDA.OP,2,Froth Operator,FTESV01,2025-10-15 10:13:04.801,Sheet2
,2025-10-15 10:13:05.301,TSRU_2_STG_Tail,270FIC4162,CHANGE,,,PIDA.OP,4,Froth Operator,FTESV01,2025-10-15 10:13:05.301,Sheet2
,2025-10-15 10:13:05.801,TSRU_2_STG_Tail,270FIC4162,CHANGE,,,PIDA.OP,6,Froth Operator,FTESV01,2025-10-15 10:13:05.801,Sheet2
,2025-10-15 10:13:06.301,TSRU_2_STG_Tail,270FIC4162,CHANGE,,,PIDA.OP,8,Froth Operator,FTESV01,2025-10-15 10:13:06.301,Sheet2
,2025-10-15 10:13:07.001,TSRU_2_STG_Tail,270FIC4162,CHANGE,,,PIDA.OP,10,Froth Operator,FTESV01,2025-10-15 10:13:07.001,Sheet2
,2025-10-15 10:13:35.700,TSRU_1_STG_Tail,270FIC4161,CHANGE,,,pida.op,23.5,Froth Operator,FTESV01,2025-10-15 10:13:35.700,Sheet2
,2025-10-15 10:13:36.200,TSRU_1_STG_Tail,270FIC4161,CHANGE,,,pida.op,23,Froth Operator,FTESV01,2025-10-15 10:13:36.200,Sheet2
,2025-10-15 10:13:40.201,TSRU_1_STG_Tail,270FIC4161,CHANGE,,,pida.op,22.5,Froth Operator,FTESV01,2025-10-15 10:13:40.201,Sheet2
,2025-10-15 10:13:40.601,TSRU_1_STG_Tail,270FIC4161,CHANGE,,,pida.op,22,Froth Operator,FTESV01,2025-10-15 10:13:40.601,Sheet2
,2025-10-15 10:14:26.901,TSRU_2_STG_Tail,270FIC4162,CHANGE,,,PIDA.OP,12,Froth Operator,FTESV01,2025-10-15 10:14:26.901,Sheet2
,2025-10-15 10:14:27.901,TSRU_2_STG_Tail,270FIC4162,CHANGE,,,PIDA.OP,14,Froth Operator,FTESV01,2025-10-15 10:14:27.901,Sheet2
,2025-10-15 10:15:37.601,TSRU_2_STG_Tail,270FIC4162,CHANGE,,,PIDA.OP,16,Froth Operator,FTESV01,2025-10-15 10:15:37.601,Sheet2
,2025-10-15 10:18:46.201,TSRU_2_STG_Tail,270FIC4162,CHANGE,,,PIDA.OP,16.5,Froth Operator,FTESV01,2025-10-15 10:18:46.201,Sheet2
,2025-10-15 10:18:46.701,TSRU_2_STG_Tail,270FIC4162,CHANGE,,,PIDA.OP,17,Froth Operator,FTESV01,2025-10-15 10:18:46.701,Sheet2
,2025-10-15 10:20:36.701,TSRU_1_STG_Tail,270FIC4161,CHANGE,,,pida.op,21.5,Froth Operator,FTESV01,2025-10-15 10:20:36.701,Sheet2
,2025-10-15 10:20:37.201,TSRU_1_STG_Tail,270FIC4161,CHANGE,,,pida.op,21,Froth Operator,FTESV01,2025-10-15 10:20:37.201,Sheet2
,2025-10-15 10:20:37.701,TSRU_1_STG_Tail,270FIC4161,CHANGE,,,pida.op,20.5,Froth Operator,FTESV01,2025-10-15 10:20:37.701,Sheet2
,2025-10-15 10:20:38.001,TSRU_1_STG_Tail,270FIC4161,CHANGE,,,pida.op,20,Froth Operator,FTESV01,2025-10-15 10:20:38.001,Sheet2
,2025-10-15 10:21:52.900,TSRU_1_STG_Tail,270FIC4161,CHANGE,,,pida.op,19.5,Froth Operator,FTESV01,2025-10-15 10:21:52.900,Sheet2
,2025-10-15 10:21:53.301,TSRU_1_STG_Tail,270FIC4161,CHANGE,,,pida.op,19,Froth Operator,FTESV01,2025-10-15 10:21:53.301,Sheet2
,2025-10-15 10:21:53.801,TSRU_1_STG_Tail,270FIC4161,CHANGE,,,pida.op,18.5,Froth Operator,FTESV01,2025-10-15 10:21:53.801,Sheet2
,2025-10-15 10:21:54.301,TSRU_1_STG_Tail,270FIC4161,CHANGE,,,pida.op,18,Froth Operator,FTESV01,2025-10-15 10:21:54.301,Sheet2
,2025-10-15 10:22:16.301,Froth_Feed,250PIC4025,CHANGE,,,PIDA.OP,30,Froth Operator,FTESV01,2025-10-15 10:22:16.301,Sheet2
,2025-10-15 10:24:27.201,TSRU_2_STG_Tail,270FIC4162,CHANGE,,,PIDA.OP,16.5,Froth Operator,FTESV01,2025-10-15 10:24:27.201,Sheet2
,2025-10-15 10:24:28.001,TSRU_2_STG_Tail,270FIC4162,CHANGE,,,PIDA.OP,16,Froth Operator,FTESV01,2025-10-15 10:24:28.001,Sheet2
,2025-10-15 10:24:28.701,TSRU_2_STG_Tail,270FIC4162,CHANGE,,,PIDA.OP,15.5,Froth Operator,FTESV01,2025-10-15 10:24:28.701,Sheet2
,2025-10-15 10:24:29.301,TSRU_2_STG_Tail,270FIC4162,CHANGE,,,PIDA.OP,15,Froth Operator,FTESV01,2025-10-15 10:24:29.301,Sheet2
,2025-10-15 10:24:39.801,TSRU_2_STG_Tail,270FIC4162,CHANGE,,,PIDA.OP,14.5,Froth Operator,FTESV01,2025-10-15 10:24:39.801,Sheet2
,2025-10-15 10:24:40.201,TSRU_2_STG_Tail,270FIC4162,CHANGE,,,PIDA.OP,14,Froth Operator,FTESV01,2025-10-15 10:24:40.201,Sheet2
,2025-10-15 10:24:40.801,TSRU_2_STG_Tail,270FIC4162,CHANGE,,,PIDA.OP,13.5,Froth Operator,FTESV01,2025-10-15 10:24:40.801,Sheet2
,2025-10-15 10:24:41.301,TSRU_2_STG_Tail,270FIC4162,CHANGE,,,PIDA.OP,13,Froth Operator,FTESV01,2025-10-15 10:24:41.301,Sheet2
,2025-10-15 10:24:41.601,TSRU_2_STG_Tail,270FIC4162,CHANGE,,,PIDA.OP,12.5,Froth Operator,FTESV01,2025-10-15 10:24:41.601,Sheet2
,2025-10-15 10:24:42.001,TSRU_2_STG_Tail,270FIC4162,CHANGE,,,PIDA.OP,12,Froth Operator,FTESV01,2025-10-15 10:24:42.001,Sheet2
,2025-10-15 10:28:49.801,TSRU_2_STG_Tail,270FIC4162,CHANGE,,,PIDA.OP,11.5,Froth Operator,FTESV01,2025-10-15 10:28:49.801,Sheet2
,2025-10-15 10:28:50.301,TSRU_2_STG_Tail,270FIC4162,CHANGE,,,PIDA.OP,11,Froth Operator,FTESV01,2025-10-15 10:28:50.301,Sheet2
,2025-10-15 10:28:50.601,TSRU_2_STG_Tail,270FIC4162,CHANGE,,,PIDA.OP,10.5,Froth Operator,FTESV01,2025-10-15 10:28:50.601,Sheet2
,2025-10-15 10:28:51.201,TSRU_2_STG_Tail,270FIC4162,CHANGE,,,PIDA.OP,10,Froth Operator,FTESV01,2025-10-15 10:28:51.201,Sheet2
,2025-10-15 10:29:03.901,TSRU_1_STG_Tail,270FIC4161,CHANGE,,,pida.op,17.5,Froth Operator,FTESV01,2025-10-15 10:29:03.901,Sheet2
,2025-10-15 10:29:04.401,TSRU_1_STG_Tail,270FIC4161,CHANGE,,,pida.op,17,Froth Operator,FTESV01,2025-10-15 10:29:04.401,Sheet2
,2025-10-15 10:29:04.801,TSRU_1_STG_Tail,270FIC4161,CHANGE,,,pida.op,16.5,Froth Operator,FTESV01,2025-10-15 10:29:04.801,Sheet2
,2025-10-15 10:29:05.201,TSRU_1_STG_Tail,270FIC4161,CHANGE,,,pida.op,16,Froth Operator,FTESV01,2025-10-15 10:29:05.201,Sheet2
,2025-10-15 10:38:16.501,TSRU_1_STG_Tail,270FIC4161,CHANGE,,,pida.op,16.5,Froth Operator,FTESV01,2025-10-15 10:38:16.501,Sheet2
,2025-10-15 10:38:17.101,TSRU_1_STG_Tail,270FIC4161,CHANGE,,,pida.op,17,Froth Operator,FTESV01,2025-10-15 10:38:17.101,Sheet2
,2025-10-15 10:38:18.000,TSRU_1_STG_Tail,270FIC4161,CHANGE,,,pida.op,17.5,Froth Operator,FTESV01,2025-10-15 10:38:18.000,Sheet2
,2025-10-15 10:38:18.301,TSRU_1_STG_Tail,270FIC4161,CHANGE,,,pida.op,18,Froth Operator,FTESV01,2025-10-15 10:38:18.301,Sheet2
,2025-10-15 10:51:37.401,TSRU_2_STG_Tail,270FIC4162,CHANGE,,,PIDA.OP,8,Froth Operator,FTESV01,2025-10-15 10:51:37.401,Sheet2
,2025-10-15 10:51:38.201,TSRU_2_STG_Tail,270FIC4162,CHANGE,,,PIDA.OP,6,Froth Operator,FTESV01,2025-10-15 10:51:38.201,Sheet2
,2025-10-15 10:51:39.901,TSRU_2_STG_Tail,270FIC4162,CHANGE,,,PIDA.OP,4,Froth Operator,FTESV01,2025-10-15 10:51:39.901,Sheet2
,2025-10-15 10:51:40.601,TSRU_2_STG_Tail,270FIC4162,CHANGE,,,PIDA.OP,2,Froth Operator,FTESV01,2025-10-15 10:51:40.601,Sheet2
,2025-10-15 10:51:42.301,TSRU_2_STG_Tail,270FIC4162,CHANGE,,,PIDA.OP,0,Froth Operator,FTESV01,2025-10-15 10:51:42.301,Sheet2
,2025-10-15 10:52:03.101,TSRU_1_STG_Tail,270FIC4161,CHANGE,,,pida.op,16,Froth Operator,FTESV01,2025-10-15 10:52:03.101,Sheet2
,2025-10-15 10:52:03.701,TSRU_1_STG_Tail,270FIC4161,CHANGE,,,pida.op,14,Froth Operator,FTESV01,2025-10-15 10:52:03.701,Sheet2
,2025-10-15 10:52:05.401,TSRU_1_STG_Tail,270FIC4161,CHANGE,,,pida.op,12,Froth Operator,FTESV01,2025-10-15 10:52:05.401,Sheet2
,2025-10-15 10:52:08.101,TSRU_1_STG_Tail,270FIC4161,CHANGE,,,pida.op,10,Froth Operator,FTESV01,2025-10-15 10:52:08.101,Sheet2
,2025-10-15 10:52:10.201,TSRU_1_STG_Tail,270FIC4161,CHANGE,,,pida.op,8,Froth Operator,FTESV01,2025-10-15 10:52:10.201,Sheet2
,2025-10-15 10:52:10.801,TSRU_1_STG_Tail,270FIC4161,CHANGE,,,pida.op,6,Froth Operator,FTESV01,2025-10-15 10:52:10.801,Sheet2
,2025-10-15 10:52:13.001,TSRU_1_STG_Tail,270FIC4161,CHANGE,,,pida.op,4,Froth Operator,FTESV01,2025-10-15 10:52:13.001,Sheet2
,2025-10-15 10:52:14.101,TSRU_1_STG_Tail,270FIC4161,CHANGE,,,pida.op,2,Froth Operator,FTESV01,2025-10-15 10:52:14.101,Sheet2
,2025-10-15 10:52:15.201,TSRU_1_STG_Tail,270FIC4161,CHANGE,,,pida.op,0,Froth Operator,FTESV01,2025-10-15 10:52:15.201,Sheet2
,2025-10-15 11:13:58.600,Froth_Feed,250PIC4025,CHANGE,,,PIDA.OP,28,Froth Operator,FTESV01,2025-10-15 11:13:58.600,Sheet2
,2025-10-15 11:13:59.301,Froth_Feed,250PIC4025,CHANGE,,,PIDA.OP,26,Froth Operator,FTESV01,2025-10-15 11:13:59.301,Sheet2
,2025-10-15 11:14:01.001,Froth_Feed,250PIC4025,CHANGE,,,PIDA.OP,24,Froth Operator,FTESV01,2025-10-15 11:14:01.001,Sheet2
,2025-10-15 11:14:02.301,Froth_Feed,250PIC4025,CHANGE,,,PIDA.OP,22,Froth Operator,FTESV01,2025-10-15 11:14:02.301,Sheet2
,2025-10-15 11:14:13.400,Froth_Feed,250PIC4025,CHANGE,,,PIDA.OP,20,Froth Operator,FTESV01,2025-10-15 11:14:13.400,Sheet2
,2025-10-15 11:14:14.200,Froth_Feed,250PIC4025,CHANGE,,,PIDA.OP,18,Froth Operator,FTESV01,2025-10-15 11:14:14.200,Sheet2
,2025-10-15 11:14:14.800,Froth_Feed,250PIC4025,CHANGE,,,PIDA.OP,16,Froth Operator,FTESV01,2025-10-15 11:14:14.800,Sheet2
,2025-10-15 11:14:15.400,Froth_Feed,250PIC4025,CHANGE,,,PIDA.OP,14,Froth Operator,FTESV01,2025-10-15 11:14:15.400,Sheet2
,2025-10-15 11:14:20.401,Froth_Feed,250PIC4025,CHANGE,,,PIDA.OP,12,Froth Operator,FTESV01,2025-10-15 11:14:20.401,Sheet2
,2025-10-15 11:14:21.201,Froth_Feed,250PIC4025,CHANGE,,,PIDA.OP,10,Froth Operator,FTESV01,2025-10-15 11:14:21.201,Sheet2
,2025-10-15 11:14:21.801,Froth_Feed,250PIC4025,CHANGE,,,PIDA.OP,8,Froth Operator,FTESV01,2025-10-15 11:14:21.801,Sheet2
,2025-10-15 11:14:24.401,Froth_Feed,250PIC4025,CHANGE,,,PIDA.OP,6,Froth Operator,FTESV01,2025-10-15 11:14:24.401,Sheet2
,2025-10-15 11:14:25.301,Froth_Feed,250PIC4025,CHANGE,,,PIDA.OP,4,Froth Operator,FTESV01,2025-10-15 11:14:25.301,Sheet2
,2025-10-15 11:14:26.401,Froth_Feed,250PIC4025,CHANGE,,,PIDA.OP,2,Froth Operator,FTESV01,2025-10-15 11:14:26.401,Sheet2
,2025-10-15 11:14:27.901,Froth_Feed,250PIC4025,CHANGE,,,PIDA.OP,0,Froth Operator,FTESV01,2025-10-15 11:14:27.901,Sheet2
,2025-10-15 12:22:22.501,Froth_Feed,250PIC4025,CHANGE,,,PIDA.OP,2,Froth Operator,FTESV01,2025-10-15 12:22:22.501,Sheet2
,2025-10-15 12:22:23.301,Froth_Feed,250PIC4025,CHANGE,,,PIDA.OP,4,Froth Operator,FTESV01,2025-10-15 12:22:23.301,Sheet2
,2025-10-15 12:22:24.701,Froth_Feed,250PIC4025,CHANGE,,,PIDA.OP,6,Froth Operator,FTESV01,2025-10-15 12:22:24.701,Sheet2
,2025-10-15 12:22:26.201,Froth_Feed,250PIC4025,CHANGE,,,PIDA.OP,8,Froth Operator,FTESV01,2025-10-15 12:22:26.201,Sheet2
,2025-10-15 12:22:27.201,Froth_Feed,250PIC4025,CHANGE,,,PIDA.OP,10,Froth Operator,FTESV01,2025-10-15 12:22:27.201,Sheet2
,2025-10-15 12:22:29.201,Froth_Feed,250PIC4025,CHANGE,,,PIDA.OP,12,Froth Operator,FTESV01,2025-10-15 12:22:29.201,Sheet2
,2025-10-15 12:22:30.401,Froth_Feed,250PIC4025,CHANGE,,,PIDA.OP,14,Froth Operator,FTESV01,2025-10-15 12:22:30.401,Sheet2
,2025-10-15 12:22:31.201,Froth_Feed,250PIC4025,CHANGE,,,PIDA.OP,16,Froth Operator,FTESV01,2025-10-15 12:22:31.201,Sheet2
,2025-10-15 12:22:32.201,Froth_Feed,250PIC4025,CHANGE,,,PIDA.OP,18,Froth Operator,FTESV01,2025-10-15 12:22:32.201,Sheet2
,2025-10-15 12:22:33.401,Froth_Feed,250PIC4025,CHANGE,,,PIDA.OP,20,Froth Operator,FTESV01,2025-10-15 12:22:33.401,Sheet2
,2025-10-15 12:22:34.501,Froth_Feed,250PIC4025,CHANGE,,,PIDA.OP,22,Froth Operator,FTESV01,2025-10-15 12:22:34.501,Sheet2
,2025-10-15 12:22:35.301,Froth_Feed,250PIC4025,CHANGE,,,PIDA.OP,24,Froth Operator,FTESV01,2025-10-15 12:22:35.301,Sheet2
,2025-10-15 12:22:36.501,Froth_Feed,250PIC4025,CHANGE,,,PIDA.OP,26,Froth Operator,FTESV01,2025-10-15 12:22:36.501,Sheet2
,2025-10-15 12:22:38.701,Froth_Feed,250PIC4025,CHANGE,,,PIDA.OP,28,Froth Operator,FTESV01,2025-10-15 12:22:38.701,Sheet2
,2025-10-15 12:22:39.701,Froth_Feed,250PIC4025,CHANGE,,,PIDA.OP,30,Froth Operator,FTESV01,2025-10-15 12:22:39.701,Sheet2
,2025-10-15 12:22:40.701,Froth_Feed,250PIC4025,CHANGE,,,PIDA.OP,28,Froth Operator,FTESV01,2025-10-15 12:22:40.701,Sheet2
,2025-10-15 12:25:39.701,Froth_Feed,250PIC4025,CHANGE,,,PIDA.OP,30,Froth Operator,FTESV01,2025-10-15 12:25:39.701,Sheet2
,2025-10-15 12:25:40.301,Froth_Feed,250PIC4025,CHANGE,,,PIDA.OP,32,Froth Operator,FTESV01,2025-10-15 12:25:40.301,Sheet2
,2025-10-15 12:25:56.700,Froth_Feed,250PIC4025,CHANGE,,,PIDA.OP,34,Froth Operator,FTESV01,2025-10-15 12:25:56.700,Sheet2
,2025-10-15 12:25:57.300,Froth_Feed,250PIC4025,CHANGE,,,PIDA.OP,36,Froth Operator,FTESV01,2025-10-15 12:25:57.300,Sheet2
,2025-10-15 12:27:01.401,Froth_Feed,250PIC4025,CHANGE,,,PIDA.OP,38,Froth Operator,FTESV01,2025-10-15 12:27:01.401,Sheet2
,2025-10-15 12:27:04.101,Froth_Feed,250PIC4025,CHANGE,,,PIDA.OP,40,Froth Operator,FTESV01,2025-10-15 12:27:04.101,Sheet2
,2025-10-15 12:30:44.500,Froth_Feed,250PIC4025,CHANGE,,,PIDA.OP,42,Froth Operator,FTESV01,2025-10-15 12:30:44.500,Sheet2
,2025-10-15 12:30:45.501,Froth_Feed,250PIC4025,CHANGE,,,PIDA.OP,44,Froth Operator,FTESV01,2025-10-15 12:30:45.501,Sheet2
